Datum;Uhrzeit;Biomasse[MWh];Wasserkraft[MWh];Wind Offshore[MWh];Wind Onshore[MWh];Photovoltaik[MWh];Sonstige Erneuerbare[MWh];Kernenergie[MWh];Braunkohle[MWh];Steinkohle[MWh];Erdgas[MWh];Pumpspeicher[MWh];Sonstige Konventionelle[MWh]
22.09.2022;00:00;1.173;423;5;372;0;29;1.018;3.348;2.871;1.725;126;254
22.09.2022;00:15;1.177;408;5;367;0;29;1.018;3.340;2.862;1.617;148;255
22.09.2022;00:30;1.175;365;5;356;0;29;1.018;3.335;2.851;1.503;135;257
22.09.2022;00:45;1.174;360;6;342;0;29;1.018;3.337;2.840;1.362;143;258
22.09.2022;01:00;1.173;391;7;329;0;29;1.019;3.354;2.849;1.231;88;258
22.09.2022;01:15;1.171;370;7;325;0;29;1.019;3.339;2.859;1.226;69;257
22.09.2022;01:30;1.173;376;7;314;0;29;1.020;3.341;2.866;1.192;78;253
22.09.2022;01:45;1.174;360;7;311;0;29;1.020;3.330;2.866;1.170;41;253
22.09.2022;02:00;1.176;393;7;299;0;29;1.020;3.330;2.863;1.172;49;254
22.09.2022;02:15;1.175;360;7;285;0;29;1.021;3.308;2.864;1.174;22;256
22.09.2022;02:30;1.174;362;10;281;0;29;1.020;3.312;2.868;1.188;27;253
22.09.2022;02:45;1.174;359;12;267;0;29;1.020;3.315;2.873;1.184;31;253
22.09.2022;03:00;1.169;391;15;254;0;29;1.021;3.346;2.858;1.135;44;253
22.09.2022;03:15;1.169;376;17;250;0;29;1.021;3.340;2.869;1.138;26;255
22.09.2022;03:30;1.169;376;20;243;0;29;1.021;3.348;2.869;1.134;3;257
22.09.2022;03:45;1.169;381;24;239;0;29;1.021;3.346;2.870;1.145;3;255
22.09.2022;04:00;1.169;394;28;235;0;29;1.021;3.350;2.875;1.162;8;252
22.09.2022;04:15;1.170;362;36;235;0;29;1.021;3.353;2.880;1.166;24;253
22.09.2022;04:30;1.170;367;45;244;0;29;1.021;3.353;2.879;1.181;27;253
22.09.2022;04:45;1.168;395;49;256;0;29;1.021;3.360;2.885;1.197;42;253
22.09.2022;05:00;1.169;362;49;261;0;29;1.021;3.350;2.895;1.311;12;249
22.09.2022;05:15;1.167;400;51;266;0;29;1.022;3.350;2.895;1.335;41;252
22.09.2022;05:30;1.168;455;53;267;0;29;1.022;3.370;2.920;1.439;69;252
22.09.2022;05:45;1.167;429;54;271;0;29;1.022;3.367;2.936;1.494;213;253
22.09.2022;06:00;1.167;388;57;283;0;29;1.021;3.392;2.942;1.708;316;251
22.09.2022;06:15;1.167;420;62;288;0;29;1.022;3.438;2.956;1.900;569;246
22.09.2022;06:30;1.167;441;67;294;1;29;1.022;3.457;2.975;2.021;1.034;259
22.09.2022;06:45;1.164;433;72;298;3;29;1.021;3.455;2.980;2.162;1.291;292
22.09.2022;07:00;1.167;406;82;309;23;29;1.021;3.447;2.980;2.243;1.297;285
22.09.2022;07:15;1.166;407;92;326;117;29;1.023;3.461;2.982;2.303;1.272;287
22.09.2022;07:30;1.168;407;95;331;338;29;1.023;3.449;2.977;2.312;1.252;268
22.09.2022;07:45;1.168;406;102;327;658;29;1.023;3.450;2.979;2.321;1.198;256
22.09.2022;08:00;1.173;402;110;320;1.081;29;1.024;3.454;2.984;2.239;1.180;257
22.09.2022;08:15;1.174;402;115;318;1.578;29;1.023;3.444;2.987;2.238;1.080;257
22.09.2022;08:30;1.175;392;118;304;2.123;29;1.021;3.444;2.981;2.228;575;257
22.09.2022;08:45;1.177;384;123;285;2.717;29;1.021;3.420;2.972;2.133;253;255
22.09.2022;09:00;1.178;412;135;256;3.322;29;1.022;3.423;2.975;2.116;659;256
22.09.2022;09:15;1.177;396;147;228;3.895;29;1.022;3.407;2.979;1.962;415;256
22.09.2022;09:30;1.179;359;159;200;4.487;29;1.021;3.408;2.949;1.893;42;257
22.09.2022;09:45;1.178;352;177;166;5.075;29;1.021;3.409;2.871;1.757;14;256
22.09.2022;10:00;1.178;396;184;137;5.636;29;1.021;3.417;2.819;1.599;240;256
22.09.2022;10:15;1.179;375;191;119;6.157;29;1.019;3.407;2.785;1.372;76;255
22.09.2022;10:30;1.178;362;200;105;6.646;29;1.015;3.406;2.766;1.152;17;260
22.09.2022;10:45;1.179;353;218;104;7.055;29;1.018;3.407;2.758;1.033;3;255
22.09.2022;11:00;1.181;353;228;108;7.407;29;1.017;3.405;2.730;871;2;258
22.09.2022;11:15;1.181;356;229;121;7.687;29;1.015;3.439;2.712;823;2;258
22.09.2022;11:30;1.180;346;233;137;7.918;29;1.014;3.458;2.632;807;0;257
22.09.2022;11:45;1.179;342;244;156;8.072;29;1.014;3.478;2.584;799;0;257
22.09.2022;12:00;1.181;351;244;184;8.191;29;1.013;3.464;2.571;792;0;261
22.09.2022;12:15;1.181;349;241;211;8.207;29;1.013;3.449;2.541;782;0;260
22.09.2022;12:30;1.180;358;228;233;8.259;29;1.013;3.459;2.466;780;1;260
22.09.2022;12:45;1.179;348;220;241;8.188;29;1.012;3.463;2.425;777;0;260
22.09.2022;13:00;1.178;353;216;253;8.128;29;1.013;3.478;2.313;774;3;261
22.09.2022;13:15;1.177;350;210;253;7.986;29;1.012;3.477;2.243;769;0;259
22.09.2022;13:30;1.180;344;207;261;7.833;29;1.010;3.480;2.199;769;0;260
22.09.2022;13:45;1.180;346;197;259;7.655;29;1.009;3.477;2.193;774;5;259
22.09.2022;14:00;1.181;347;191;250;7.455;29;1.009;3.440;2.266;782;7;256
22.09.2022;14:15;1.182;357;185;247;7.280;29;1.009;3.432;2.394;779;6;258
22.09.2022;14:30;1.179;358;184;241;7.061;29;1.009;3.390;2.502;785;2;252
22.09.2022;14:45;1.180;360;190;237;6.774;29;1.008;3.342;2.554;785;0;255
22.09.2022;15:00;1.181;358;196;239;6.495;29;1.008;3.313;2.652;807;4;261
22.09.2022;15:15;1.182;353;202;228;6.221;29;1.009;3.318;2.705;837;36;262
22.09.2022;15:30;1.182;352;209;227;5.915;29;1.008;3.317;2.716;868;8;262
22.09.2022;15:45;1.178;378;210;216;5.514;29;1.009;3.323;2.735;914;61;262
22.09.2022;16:00;1.185;368;207;207;5.149;29;1.009;3.308;2.782;1.017;25;263
22.09.2022;16:15;1.187;374;204;204;4.742;29;1.009;3.320;2.802;1.146;26;262
22.09.2022;16:30;1.190;414;201;200;4.271;29;1.009;3.327;2.818;1.223;111;263
22.09.2022;16:45;1.189;443;193;194;3.806;29;1.009;3.328;2.855;1.300;184;264
22.09.2022;17:00;1.190;389;192;195;3.304;29;1.008;3.313;2.874;1.491;68;259
22.09.2022;17:15;1.190;446;196;194;2.771;29;1.009;3.338;2.915;1.652;131;258
22.09.2022;17:30;1.194;432;196;193;2.222;29;1.009;3.330;2.941;1.940;393;259
22.09.2022;17:45;1.193;449;191;196;1.684;29;1.009;3.347;2.958;2.048;759;260
22.09.2022;18:00;1.193;407;189;209;1.188;29;1.008;3.372;2.963;2.151;420;261
22.09.2022;18:15;1.190;448;192;210;751;29;1.009;3.408;2.972;2.261;762;261
22.09.2022;18:30;1.192;454;195;227;408;29;1.009;3.455;2.982;2.320;1.057;263
22.09.2022;18:45;1.189;441;198;266;170;29;1.009;3.484;3.011;2.315;1.240;258
22.09.2022;19:00;1.190;428;199;303;43;29;1.009;3.477;3.023;2.392;959;257
22.09.2022;19:15;1.189;429;200;332;4;29;1.012;3.482;3.020;2.398;1.110;262
22.09.2022;19:30;1.190;429;203;337;0;29;1.012;3.487;3.019;2.399;1.379;260
22.09.2022;19:45;1.188;431;199;392;0;29;1.013;3.474;3.019;2.390;1.428;262
22.09.2022;20:00;1.190;446;200;467;0;29;1.014;3.440;3.017;2.339;1.517;261
22.09.2022;20:15;1.191;429;210;539;0;29;1.014;3.403;3.021;2.345;1.255;263
22.09.2022;20:30;1.191;425;216;612;0;29;1.014;3.389;3.022;2.343;962;262
22.09.2022;20:45;1.188;413;222;698;0;29;1.014;3.368;3.024;2.318;705;264
22.09.2022;21:00;1.188;426;225;774;0;29;1.014;3.397;3.020;2.300;607;264
22.09.2022;21:15;1.188;408;235;835;0;29;1.015;3.359;3.002;2.191;472;264
22.09.2022;21:30;1.187;367;239;906;0;29;1.014;3.292;2.994;2.169;262;262
22.09.2022;21:45;1.186;359;244;983;0;29;1.014;3.227;2.976;2.158;84;262
22.09.2022;22:00;1.185;412;245;1.041;0;29;1.015;3.242;2.983;2.105;386;264
22.09.2022;22:15;1.183;400;256;1.097;0;29;1.015;3.232;2.987;1.938;296;260
22.09.2022;22:30;1.179;394;268;1.146;0;29;1.015;3.243;2.981;1.769;152;262
22.09.2022;22:45;1.178;373;287;1.186;0;29;1.017;3.241;2.959;1.658;107;263
22.09.2022;23:00;1.180;418;305;1.229;0;29;1.016;3.251;2.964;1.502;437;262
22.09.2022;23:15;1.180;415;319;1.280;0;29;1.016;3.242;2.951;1.492;284;262
22.09.2022;23:30;1.175;396;332;1.307;0;29;1.013;3.233;2.940;1.433;138;262
22.09.2022;23:45;1.175;357;356;1.361;0;29;1.011;3.229;2.927;1.281;65;262
23.09.2022;00:00;1.175;401;383;1.407;0;29;1.013;3.236;2.912;1.033;41;258
23.09.2022;00:15;1.175;360;411;1.465;0;29;1.013;3.232;2.913;986;19;253
23.09.2022;00:30;1.168;355;424;1.483;0;29;1.013;3.229;2.912;952;13;248
23.09.2022;00:45;1.174;344;429;1.497;0;29;1.013;3.236;2.915;947;1;250
23.09.2022;01:00;1.177;395;446;1.493;0;29;1.013;3.269;2.915;944;34;251
23.09.2022;01:15;1.179;372;455;1.519;0;29;1.013;3.301;2.915;911;32;250
23.09.2022;01:30;1.180;366;454;1.527;0;29;1.014;3.343;2.902;891;2;254
23.09.2022;01:45;1.180;353;431;1.536;0;29;1.014;3.364;2.872;884;2;254
23.09.2022;02:00;1.181;371;423;1.544;0;29;1.015;3.380;2.851;871;2;258
23.09.2022;02:15;1.181;369;431;1.571;0;29;1.015;3.369;2.833;870;2;260
23.09.2022;02:30;1.184;376;442;1.593;0;29;1.015;3.367;2.813;856;12;260
23.09.2022;02:45;1.182;382;455;1.590;0;29;1.014;3.362;2.785;845;9;259
23.09.2022;03:00;1.182;373;470;1.574;0;29;1.015;3.367;2.761;802;6;259
23.09.2022;03:15;1.183;368;479;1.569;0;29;1.016;3.373;2.738;813;5;257
23.09.2022;03:30;1.180;373;496;1.582;0;29;1.016;3.371;2.718;814;8;259
23.09.2022;03:45;1.179;379;518;1.563;0;29;1.016;3.365;2.718;818;12;259
23.09.2022;04:00;1.179;360;533;1.540;0;29;1.016;3.364;2.707;845;2;260
23.09.2022;04:15;1.178;375;530;1.524;0;29;1.016;3.366;2.720;830;7;260
23.09.2022;04:30;1.177;377;537;1.493;0;29;1.016;3.344;2.726;834;11;259
23.09.2022;04:45;1.174;401;543;1.470;0;29;1.018;3.315;2.758;862;23;259
23.09.2022;05:00;1.176;374;542;1.460;0;29;1.018;3.294;2.779;1.007;4;257
23.09.2022;05:15;1.176;431;529;1.458;0;29;1.020;3.273;2.798;1.092;45;257
23.09.2022;05:30;1.173;419;527;1.454;0;29;1.020;3.262;2.858;1.236;134;257
23.09.2022;05:45;1.174;435;523;1.463;0;29;1.019;3.266;2.899;1.435;94;255
23.09.2022;06:00;1.177;391;498;1.481;0;29;1.020;3.265;2.907;1.827;47;248
23.09.2022;06:15;1.179;420;482;1.489;0;29;1.020;3.271;2.926;2.089;119;251
23.09.2022;06:30;1.178;428;465;1.480;1;29;1.021;3.272;2.897;2.215;512;257
23.09.2022;06:45;1.176;427;439;1.479;3;29;1.021;3.282;2.900;2.246;871;258
23.09.2022;07:00;1.179;402;447;1.489;22;29;1.020;3.314;2.899;2.287;1.088;258
23.09.2022;07:15;1.177;393;453;1.532;116;29;1.020;3.319;2.909;2.301;1.182;256
23.09.2022;07:30;1.178;398;444;1.528;370;29;1.020;3.301;2.917;2.310;1.143;258
23.09.2022;07:45;1.179;385;438;1.481;735;29;1.020;3.298;2.925;2.301;1.035;261
23.09.2022;08:00;1.182;404;418;1.431;1.142;29;1.021;3.312;2.937;2.301;1.057;262
23.09.2022;08:15;1.184;383;388;1.368;1.594;29;1.022;3.337;2.939;2.297;726;263
23.09.2022;08:30;1.186;374;369;1.307;2.118;29;1.021;3.382;2.935;2.290;260;263
23.09.2022;08:45;1.184;358;359;1.213;2.663;29;1.020;3.441;2.937;2.235;151;263
23.09.2022;09:00;1.186;417;352;1.098;3.166;29;1.021;3.496;2.942;2.246;190;263
23.09.2022;09:15;1.183;352;356;951;3.683;29;1.020;3.496;2.938;2.232;88;263
23.09.2022;09:30;1.185;366;351;784;4.235;29;1.021;3.494;2.929;2.141;34;255
23.09.2022;09:45;1.184;354;326;642;4.736;29;1.020;3.486;2.923;2.093;39;256
23.09.2022;10:00;1.182;416;304;514;5.198;29;1.020;3.498;2.925;2.128;90;262
23.09.2022;10:15;1.181;375;280;416;5.598;29;1.019;3.494;2.926;1.968;69;263
23.09.2022;10:30;1.183;369;255;355;5.934;29;1.018;3.496;2.930;1.722;57;264
23.09.2022;10:45;1.181;374;232;319;6.272;29;1.017;3.486;2.935;1.650;25;262
23.09.2022;11:00;1.183;379;219;299;6.574;29;1.017;3.480;2.934;1.448;50;263
23.09.2022;11:15;1.181;374;213;287;6.808;29;1.017;3.482;2.939;1.357;59;264
23.09.2022;11:30;1.180;383;208;297;7.005;29;1.016;3.453;2.928;1.209;49;263
23.09.2022;11:45;1.182;377;203;319;7.153;29;1.016;3.412;2.885;1.157;38;263
23.09.2022;12:00;1.185;368;202;337;7.255;29;1.016;3.351;2.868;1.088;18;264
23.09.2022;12:15;1.184;358;188;348;7.305;29;1.015;3.310;2.843;1.088;19;263
23.09.2022;12:30;1.185;358;181;364;7.335;29;1.014;3.292;2.790;1.068;31;262
23.09.2022;12:45;1.184;354;187;386;7.343;29;1.014;3.264;2.747;1.092;26;263
23.09.2022;13:00;1.185;350;192;393;7.312;29;1.014;3.228;2.737;1.043;19;263
23.09.2022;13:15;1.186;349;191;399;7.228;29;1.013;3.247;2.735;1.011;8;263
23.09.2022;13:30;1.189;356;187;407;7.084;29;1.013;3.275;2.735;989;5;262
23.09.2022;13:45;1.191;349;188;425;6.908;29;1.013;3.261;2.722;993;0;260
23.09.2022;14:00;1.190;355;189;417;6.730;29;1.012;3.253;2.745;1.033;1;260
23.09.2022;14:15;1.189;353;189;419;6.516;29;1.012;3.268;2.750;1.027;34;260
23.09.2022;14:30;1.191;386;186;409;6.236;29;1.011;3.292;2.749;1.029;9;258
23.09.2022;14:45;1.189;408;194;395;5.930;29;1.010;3.317;2.777;1.062;48;261
23.09.2022;15:00;1.191;386;226;396;5.599;29;1.009;3.337;2.838;1.166;40;263
23.09.2022;15:15;1.191;415;238;384;5.213;29;1.009;3.340;2.866;1.172;2;265
23.09.2022;15:30;1.192;391;225;372;4.865;29;1.010;3.359;2.891;1.257;73;263
23.09.2022;15:45;1.191;442;207;363;4.477;29;1.010;3.396;2.894;1.330;216;263
23.09.2022;16:00;1.191;379;189;346;4.048;29;1.010;3.424;2.908;1.446;143;261
23.09.2022;16:15;1.191;423;176;328;3.634;29;1.009;3.463;2.924;1.529;169;260
23.09.2022;16:30;1.192;402;185;308;3.201;29;1.009;3.478;2.943;1.803;210;260
23.09.2022;16:45;1.190;431;204;294;2.726;29;1.009;3.486;2.950;2.129;346;260
23.09.2022;17:00;1.190;348;199;281;2.272;29;1.008;3.465;2.949;2.169;179;259
23.09.2022;17:15;1.187;375;196;265;1.824;29;1.009;3.494;2.970;2.238;291;260
23.09.2022;17:30;1.190;432;189;259;1.410;29;1.009;3.490;2.988;2.313;534;261
23.09.2022;17:45;1.191;456;182;258;1.049;29;1.008;3.449;2.999;2.386;845;260
23.09.2022;18:00;1.193;380;174;269;721;29;1.008;3.410;2.995;2.445;728;260
23.09.2022;18:15;1.192;426;167;271;441;29;1.009;3.424;2.986;2.495;876;262
23.09.2022;18:30;1.194;438;154;296;231;29;1.009;3.425;2.991;2.508;1.188;264
23.09.2022;18:45;1.193;459;148;321;81;29;1.009;3.431;2.989;2.509;1.333;263
23.09.2022;19:00;1.194;429;160;338;13;29;1.008;3.404;2.986;2.530;1.125;261
23.09.2022;19:15;1.195;428;167;338;1;29;1.009;3.390;2.989;2.539;1.111;263
23.09.2022;19:30;1.193;411;180;323;0;29;1.009;3.345;2.989;2.544;1.168;258
23.09.2022;19:45;1.192;411;204;352;0;29;1.009;3.316;2.990;2.538;1.188;259
23.09.2022;20:00;1.192;417;230;383;0;29;1.010;3.309;2.993;2.551;1.022;259
23.09.2022;20:15;1.193;404;256;430;0;29;1.010;3.289;2.989;2.557;696;259
23.09.2022;20:30;1.195;368;280;468;0;29;1.010;3.298;2.986;2.548;472;260
23.09.2022;20:45;1.194;357;292;501;0;29;1.010;3.328;2.954;2.547;321;262
23.09.2022;21:00;1.185;434;304;521;0;29;1.011;3.393;2.914;2.509;366;260
23.09.2022;21:15;1.189;413;318;555;0;29;1.011;3.392;2.898;2.488;184;260
23.09.2022;21:30;1.192;367;349;592;0;29;1.011;3.382;2.872;2.462;107;259
23.09.2022;21:45;1.190;360;415;612;0;29;1.011;3.343;2.839;2.386;81;256
23.09.2022;22:00;1.188;425;455;627;0;29;1.011;3.355;2.777;2.309;283;258
23.09.2022;22:15;1.191;396;476;655;0;29;1.011;3.356;2.753;2.222;172;258
23.09.2022;22:30;1.188;367;499;676;0;29;1.012;3.353;2.772;2.149;113;259
23.09.2022;22:45;1.189;374;532;673;0;29;1.011;3.365;2.780;2.022;101;258
23.09.2022;23:00;1.190;422;547;662;0;29;1.012;3.402;2.767;1.838;174;259
23.09.2022;23:15;1.190;374;511;649;0;29;1.011;3.430;2.722;1.738;86;259
23.09.2022;23:30;1.189;356;506;639;0;29;1.011;3.463;2.690;1.639;55;259
23.09.2022;23:45;1.190;363;519;633;0;29;1.011;3.480;2.636;1.440;49;260
24.09.2022;00:00;1.186;403;542;622;0;29;1.011;3.472;2.563;1.110;120;260
24.09.2022;00:15;1.186;393;546;623;0;29;1.011;3.465;2.525;1.038;112;258
24.09.2022;00:30;1.186;389;554;615;0;29;1.011;3.480;2.488;949;109;258
24.09.2022;00:45;1.185;371;596;605;0;29;1.011;3.475;2.449;857;59;257
24.09.2022;01:00;1.182;404;627;586;0;29;1.012;3.475;2.301;799;77;251
24.09.2022;01:15;1.180;393;678;567;0;29;1.012;3.465;2.308;812;61;258
24.09.2022;01:30;1.184;357;703;559;0;29;1.012;3.472;2.337;817;51;259
24.09.2022;01:45;1.183;351;733;551;0;29;1.012;3.470;2.338;789;16;259
24.09.2022;02:00;1.184;349;784;540;0;29;1.012;3.484;2.350;746;15;259
24.09.2022;02:15;1.184;346;840;512;0;29;1.012;3.463;2.404;739;14;259
24.09.2022;02:30;1.183;350;869;504;0;29;1.011;3.446;2.440;732;16;259
24.09.2022;02:45;1.183;346;899;494;0;29;1.011;3.408;2.438;721;14;260
24.09.2022;03:00;1.184;357;953;480;0;29;1.011;3.378;2.421;696;3;257
24.09.2022;03:15;1.185;366;987;480;0;29;1.011;3.338;2.432;688;2;258
24.09.2022;03:30;1.183;363;998;471;0;29;1.011;3.320;2.433;698;12;258
24.09.2022;03:45;1.179;351;995;458;0;29;1.011;3.242;2.425;687;12;259
24.09.2022;04:00;1.179;356;1.007;443;0;29;1.011;3.255;2.435;705;12;259
24.09.2022;04:15;1.176;352;1.018;435;0;29;1.011;3.243;2.439;710;5;258
24.09.2022;04:30;1.176;352;1.032;425;0;29;1.011;3.248;2.441;710;2;260
24.09.2022;04:45;1.173;353;1.031;421;0;29;1.011;3.250;2.445;707;42;260
24.09.2022;05:00;1.172;363;1.024;411;0;29;1.011;3.261;2.443;721;35;259
24.09.2022;05:15;1.170;375;1.016;408;0;29;1.012;3.262;2.442;719;11;258
24.09.2022;05:30;1.170;368;1.017;408;0;29;1.012;3.267;2.439;715;11;259
24.09.2022;05:45;1.168;365;1.018;406;0;29;1.013;3.259;2.435;712;11;259
24.09.2022;06:00;1.169;375;1.023;400;0;29;1.013;3.270;2.433;724;13;256
24.09.2022;06:15;1.169;376;998;404;0;29;1.013;3.291;2.411;742;14;255
24.09.2022;06:30;1.170;396;980;398;0;29;1.014;3.320;2.383;748;52;253
24.09.2022;06:45;1.170;397;974;408;1;29;1.014;3.353;2.371;748;16;256
24.09.2022;07:00;1.171;357;959;407;10;29;1.013;3.368;2.333;737;26;257
24.09.2022;07:15;1.171;371;941;441;49;29;1.014;3.385;2.310;750;154;256
24.09.2022;07:30;1.172;386;946;469;152;29;1.014;3.377;2.305;782;167;256
24.09.2022;07:45;1.173;348;983;465;318;29;1.014;3.373;2.307;777;149;256
24.09.2022;08:00;1.176;345;1.017;463;537;29;1.014;3.346;2.308;795;144;255
24.09.2022;08:15;1.176;344;1.059;456;785;29;1.014;3.349;2.308;790;150;255
24.09.2022;08:30;1.178;343;1.091;446;1.023;29;1.013;3.352;2.297;764;110;254
24.09.2022;08:45;1.179;344;1.107;439;1.280;29;1.013;3.361;2.299;781;131;254
24.09.2022;09:00;1.179;347;1.095;408;1.571;29;1.013;3.356;2.303;790;115;254
24.09.2022;09:15;1.176;341;1.100;381;1.869;29;1.012;3.353;2.307;748;73;255
24.09.2022;09:30;1.177;340;1.088;350;2.175;29;1.013;3.345;2.289;745;75;257
24.09.2022;09:45;1.179;338;1.079;321;2.381;29;1.012;3.341;2.257;741;34;256
24.09.2022;10:00;1.179;351;1.055;309;2.631;29;1.012;3.321;2.243;720;114;256
24.09.2022;10:15;1.178;353;1.045;290;2.813;29;1.011;3.276;2.241;722;94;258
24.09.2022;10:30;1.179;346;1.047;275;2.955;29;1.011;3.262;2.235;727;84;257
24.09.2022;10:45;1.178;343;1.016;260;3.109;29;1.011;3.248;2.236;725;67;258
24.09.2022;11:00;1.181;348;986;262;3.277;29;1.011;3.253;2.247;684;40;258
24.09.2022;11:15;1.181;342;978;257;3.433;29;1.011;3.251;2.245;676;41;254
24.09.2022;11:30;1.181;342;956;272;3.558;29;1.011;3.256;2.247;685;38;255
24.09.2022;11:45;1.183;338;925;281;3.637;29;1.010;3.253;2.240;685;34;254
24.09.2022;12:00;1.182;354;903;285;3.720;29;1.010;3.255;2.252;686;50;256
24.09.2022;12:15;1.184;343;882;283;3.773;29;1.010;3.248;2.252;688;33;255
24.09.2022;12:30;1.184;345;864;292;3.803;29;1.010;3.247;2.256;685;35;254
24.09.2022;12:45;1.186;342;843;299;3.823;29;1.009;3.247;2.256;691;35;256
24.09.2022;13:00;1.188;337;810;293;3.811;29;1.009;3.239;2.248;695;28;255
24.09.2022;13:15;1.187;335;759;310;3.752;29;1.010;3.238;2.248;691;31;255
24.09.2022;13:30;1.186;329;718;321;3.703;29;1.010;3.243;2.238;688;31;255
24.09.2022;13:45;1.186;323;679;326;3.660;29;1.009;3.270;2.208;690;26;254
24.09.2022;14:00;1.187;321;644;314;3.581;29;1.010;3.319;2.181;678;26;254
24.09.2022;14:15;1.186;321;629;312;3.461;29;1.009;3.351;2.186;674;26;258
24.09.2022;14:30;1.188;321;616;321;3.266;29;1.009;3.357;2.183;675;32;259
24.09.2022;14:45;1.187;324;609;331;3.115;29;1.010;3.360;2.209;670;42;261
24.09.2022;15:00;1.190;338;617;331;2.944;29;1.009;3.359;2.224;678;52;260
24.09.2022;15:15;1.189;337;654;345;2.731;29;1.009;3.364;2.218;691;52;259
24.09.2022;15:30;1.191;335;681;341;2.530;29;1.009;3.366;2.226;698;199;259
24.09.2022;15:45;1.191;332;699;345;2.336;29;1.009;3.367;2.242;696;167;259
24.09.2022;16:00;1.193;328;704;359;2.097;29;1.009;3.357;2.258;706;134;259
24.09.2022;16:15;1.193;337;706;375;1.872;29;1.010;3.376;2.294;723;104;259
24.09.2022;16:30;1.193;352;698;386;1.606;29;1.009;3.369;2.316;734;231;259
24.09.2022;16:45;1.190;385;703;393;1.354;29;1.009;3.365;2.317;751;399;259
24.09.2022;17:00;1.189;354;737;406;1.136;29;1.009;3.354;2.309;804;121;258
24.09.2022;17:15;1.188;353;741;420;935;29;1.009;3.326;2.319;803;183;258
24.09.2022;17:30;1.190;333;715;460;751;29;1.009;3.292;2.322;801;456;258
24.09.2022;17:45;1.189;328;690;496;565;29;1.009;3.267;2.324;809;696;258
24.09.2022;18:00;1.188;325;676;539;391;29;1.008;3.259;2.325;826;569;260
24.09.2022;18:15;1.187;331;700;536;245;29;1.008;3.287;2.321;817;716;260
24.09.2022;18:30;1.186;350;734;554;129;29;1.008;3.284;2.320;815;834;257
24.09.2022;18:45;1.182;353;764;576;44;29;1.008;3.298;2.318;819;922;259
24.09.2022;19:00;1.183;348;783;604;7;29;1.008;3.303;2.297;821;999;261
24.09.2022;19:15;1.183;354;785;611;1;29;1.008;3.309;2.269;824;997;260
24.09.2022;19:30;1.184;360;792;626;0;29;1.007;3.303;2.246;827;1.027;262
24.09.2022;19:45;1.184;365;800;675;0;29;1.007;3.304;2.217;823;1.041;260
24.09.2022;20:00;1.185;365;781;713;0;29;1.009;3.303;2.146;822;1.119;260
24.09.2022;20:15;1.186;373;796;746;0;29;1.009;3.299;2.143;815;885;261
24.09.2022;20:30;1.185;340;838;756;0;29;1.008;3.290;2.143;818;669;261
24.09.2022;20:45;1.183;324;847;762;0;29;1.009;3.299;2.142;815;477;260
24.09.2022;21:00;1.183;380;867;785;0;29;1.009;3.335;2.148;815;602;258
24.09.2022;21:15;1.181;352;866;806;0;29;1.008;3.338;2.147;799;407;258
24.09.2022;21:30;1.181;335;875;808;0;29;1.009;3.377;2.144;798;242;258
24.09.2022;21:45;1.181;324;851;820;0;29;1.009;3.384;2.145;803;198;257
24.09.2022;22:00;1.180;369;842;796;0;29;1.009;3.381;2.145;813;507;257
24.09.2022;22:15;1.179;331;852;792;0;29;1.009;3.372;2.144;810;401;256
24.09.2022;22:30;1.180;339;857;769;0;29;1.009;3.383;2.145;811;377;257
24.09.2022;22:45;1.179;323;846;751;0;29;1.009;3.374;2.145;806;222;259
24.09.2022;23:00;1.179;331;836;748;0;29;1.009;3.383;2.152;797;269;259
24.09.2022;23:15;1.178;324;834;734;0;29;1.009;3.373;2.152;805;111;258
24.09.2022;23:30;1.174;325;822;713;0;29;1.009;3.379;2.150;795;66;258
24.09.2022;23:45;1.178;335;791;705;0;29;1.009;3.373;2.146;791;44;258
25.09.2022;00:00;1.174;343;765;695;0;29;1.008;3.363;2.112;740;39;256
25.09.2022;00:15;1.172;347;760;685;0;29;1.007;3.348;2.115;725;37;256
25.09.2022;00:30;1.172;335;751;645;0;29;1.008;3.321;2.116;724;77;256
25.09.2022;00:45;1.170;327;754;617;0;29;1.007;3.283;2.117;712;12;255
25.09.2022;01:00;1.168;336;770;600;0;29;1.007;3.268;2.108;684;43;256
25.09.2022;01:15;1.168;327;769;591;0;29;1.008;3.252;2.086;693;48;255
25.09.2022;01:30;1.170;322;780;597;0;29;1.007;3.249;2.066;716;43;256
25.09.2022;01:45;1.171;322;789;621;0;29;1.007;3.250;2.045;698;34;256
25.09.2022;02:00;1.171;331;753;631;0;29;1.008;3.263;2.024;674;31;255
25.09.2022;02:15;1.170;324;707;637;0;29;1.008;3.260;2.012;674;39;254
25.09.2022;02:30;1.168;329;682;641;0;29;1.008;3.258;1.991;673;40;256
25.09.2022;02:45;1.166;320;690;651;0;29;1.008;3.245;1.981;669;55;257
25.09.2022;03:00;1.166;332;663;659;0;29;1.009;3.104;1.968;668;18;257
25.09.2022;03:15;1.166;324;636;674;0;29;1.009;3.084;1.971;666;31;256
25.09.2022;03:30;1.165;333;602;691;0;29;1.009;3.082;1.964;671;14;253
25.09.2022;03:45;1.164;322;605;710;0;29;1.009;3.054;1.953;669;1;256
25.09.2022;04:00;1.164;326;595;741;0;29;1.009;3.035;1.950;670;36;253
25.09.2022;04:15;1.164;322;607;757;0;29;1.010;3.036;1.953;723;57;253
25.09.2022;04:30;1.162;322;636;765;0;29;1.011;3.047;1.951;725;20;255
25.09.2022;04:45;1.160;321;608;769;0;29;1.011;3.054;1.967;690;39;255
25.09.2022;05:00;1.159;331;594;774;0;29;1.012;3.067;1.983;674;3;254
25.09.2022;05:15;1.157;330;555;756;0;29;1.012;3.068;1.984;684;19;255
25.09.2022;05:30;1.156;350;510;753;0;29;1.012;3.078;1.985;680;29;253
25.09.2022;05:45;1.154;337;515;759;0;29;1.012;3.065;1.999;704;4;252
25.09.2022;06:00;1.155;326;538;768;0;29;1.010;3.059;1.985;739;15;255
25.09.2022;06:15;1.156;316;514;774;0;29;1.012;3.063;1.985;737;22;254
25.09.2022;06:30;1.155;324;482;769;0;29;1.012;3.065;1.986;736;29;254
25.09.2022;06:45;1.154;340;468;773;1;29;1.012;3.064;1.986;742;68;253
25.09.2022;07:00;1.156;344;472;769;8;29;1.011;3.057;1.999;758;94;255
25.09.2022;07:15;1.159;332;466;787;34;29;1.011;3.057;2.013;765;68;254
25.09.2022;07:30;1.161;325;477;802;99;29;1.012;3.061;2.029;760;109;254
25.09.2022;07:45;1.161;348;476;788;196;29;1.011;3.057;2.044;760;76;255
25.09.2022;08:00;1.163;352;453;783;335;29;1.011;3.046;2.059;781;126;254
25.09.2022;08:15;1.166;351;408;767;498;29;1.012;3.047;2.065;781;228;255
25.09.2022;08:30;1.167;345;392;743;683;29;1.011;3.041;2.071;778;292;255
25.09.2022;08:45;1.166;327;385;710;895;29;1.012;3.049;2.079;783;280;254
25.09.2022;09:00;1.166;340;374;673;1.134;29;1.013;3.044;2.087;779;379;256
25.09.2022;09:15;1.166;321;379;606;1.385;29;1.013;3.037;2.094;775;287;255
25.09.2022;09:30;1.169;313;368;550;1.651;29;1.012;3.034;2.096;779;165;256
25.09.2022;09:45;1.171;316;356;511;1.907;29;1.012;3.031;2.098;781;117;255
25.09.2022;10:00;1.173;315;347;471;2.166;29;1.012;3.043;2.095;785;149;256
25.09.2022;10:15;1.172;312;350;459;2.414;29;1.012;3.037;2.097;780;123;256
25.09.2022;10:30;1.173;314;346;479;2.683;29;1.011;3.041;2.104;778;42;255
25.09.2022;10:45;1.173;344;352;492;2.927;29;1.010;3.044;2.105;774;7;255
25.09.2022;11:00;1.176;395;367;508;3.213;29;1.011;3.048;2.116;773;17;256
25.09.2022;11:15;1.176;387;371;512;3.394;29;1.011;3.042;2.117;764;78;255
25.09.2022;11:30;1.177;320;364;540;3.517;29;1.011;3.045;2.116;719;47;254
25.09.2022;11:45;1.178;312;356;546;3.599;29;1.011;3.040;2.114;732;10;252
25.09.2022;12:00;1.178;367;338;547;3.784;29;1.011;3.033;2.124;757;210;249
25.09.2022;12:15;1.176;314;318;573;3.927;29;1.010;3.023;2.131;762;163;255
25.09.2022;12:30;1.175;311;297;585;4.011;29;1.010;3.023;2.129;780;54;255
25.09.2022;12:45;1.177;316;271;604;4.047;29;1.010;3.028;2.123;755;18;254
25.09.2022;13:00;1.179;319;242;627;4.049;29;1.010;3.033;2.118;681;9;254
25.09.2022;13:15;1.180;320;218;635;4.086;29;1.010;3.019;2.120;670;12;253
25.09.2022;13:30;1.183;319;193;650;4.047;29;1.010;3.021;2.121;669;12;252
25.09.2022;13:45;1.183;329;167;684;4.027;29;1.010;3.013;2.101;670;11;251
25.09.2022;14:00;1.183;350;155;697;3.948;29;1.010;3.021;2.087;674;17;253
25.09.2022;14:15;1.182;353;145;733;3.895;29;1.010;3.004;2.087;673;26;254
25.09.2022;14:30;1.182;331;136;776;3.810;29;1.010;3.013;2.087;690;10;256
25.09.2022;14:45;1.184;350;123;788;3.672;29;1.009;3.013;2.088;694;12;255
25.09.2022;15:00;1.184;323;110;825;3.533;29;1.008;3.011;2.080;696;2;255
25.09.2022;15:15;1.184;351;93;850;3.352;29;1.009;2.999;2.088;689;12;253
25.09.2022;15:30;1.187;350;97;886;3.158;29;1.008;3.011;2.103;692;2;253
25.09.2022;15:45;1.190;348;109;906;2.950;29;1.008;3.018;2.111;694;5;254
25.09.2022;16:00;1.192;338;119;880;2.701;29;1.008;3.016;2.125;696;4;255
25.09.2022;16:15;1.190;352;133;864;2.488;29;1.009;2.995;2.135;699;11;253
25.09.2022;16:30;1.191;356;156;860;2.231;29;1.008;2.994;2.139;694;6;253
25.09.2022;16:45;1.185;361;176;888;1.915;29;1.009;3.007;2.143;727;96;255
25.09.2022;17:00;1.182;336;193;887;1.656;29;1.009;3.013;2.145;781;10;255
25.09.2022;17:15;1.180;333;204;872;1.383;29;1.009;3.019;2.133;776;62;254
25.09.2022;17:30;1.185;342;221;855;1.099;29;1.009;3.019;2.141;773;359;253
25.09.2022;17:45;1.185;366;236;820;827;29;1.010;3.037;2.155;781;464;253
25.09.2022;18:00;1.186;328;257;789;569;29;1.010;3.053;2.163;794;255;256
25.09.2022;18:15;1.183;359;259;749;357;29;1.010;3.060;2.155;786;510;256
25.09.2022;18:30;1.185;374;269;749;187;29;1.010;3.064;2.134;791;729;254
25.09.2022;18:45;1.183;379;273;775;63;29;1.010;3.072;2.125;795;929;257
25.09.2022;19:00;1.181;378;283;779;11;29;1.009;3.062;2.140;812;1.084;259
25.09.2022;19:15;1.181;382;278;724;1;29;1.010;3.072;2.128;815;1.298;258
25.09.2022;19:30;1.183;387;308;697;0;29;1.010;3.070;2.133;818;1.454;260
25.09.2022;19:45;1.183;384;341;709;0;29;1.011;3.069;2.157;824;1.396;260
25.09.2022;20:00;1.185;381;373;710;0;29;1.010;3.070;2.179;822;1.440;260
25.09.2022;20:15;1.186;373;413;728;0;29;1.010;3.072;2.186;813;1.304;259
25.09.2022;20:30;1.188;370;522;738;0;29;1.011;3.066;2.192;816;1.049;258
25.09.2022;20:45;1.186;339;602;745;0;29;1.011;3.074;2.197;813;717;258
25.09.2022;21:00;1.189;377;602;747;0;29;1.012;3.071;2.197;808;737;261
25.09.2022;21:15;1.187;360;622;787;0;29;1.012;3.046;2.201;770;556;257
25.09.2022;21:30;1.186;333;665;808;0;29;1.011;3.048;2.207;761;408;259
25.09.2022;21:45;1.182;316;700;837;0;29;1.011;3.043;2.211;791;246;259
25.09.2022;22:00;1.182;360;780;865;0;29;1.011;3.049;2.208;814;579;258
25.09.2022;22:15;1.186;334;895;883;0;29;1.011;3.025;2.215;809;383;260
25.09.2022;22:30;1.187;331;954;925;0;29;1.011;3.008;2.198;805;308;262
25.09.2022;22:45;1.187;322;1.014;983;0;29;1.011;3.019;2.180;797;144;263
25.09.2022;23:00;1.185;360;1.076;1.032;0;29;1.011;3.022;2.177;777;277;262
25.09.2022;23:15;1.184;316;1.202;1.107;0;29;1.011;3.008;2.193;724;87;261
25.09.2022;23:30;1.182;317;1.200;1.164;0;29;1.012;3.005;2.164;713;109;261
25.09.2022;23:45;1.185;321;1.137;1.238;0;29;1.008;2.995;2.147;713;77;262
26.09.2022;00:00;1.183;334;1.182;1.356;0;29;1.008;2.989;2.095;711;104;262
26.09.2022;00:15;1.183;322;1.216;1.458;0;29;1.009;2.988;2.024;698;39;261
26.09.2022;00:30;1.184;328;1.289;1.567;0;29;1.008;2.976;1.888;702;14;261
26.09.2022;00:45;1.182;324;1.400;1.660;0;29;1.007;2.968;1.790;690;4;261
26.09.2022;01:00;1.181;348;1.362;1.758;0;29;1.009;2.984;1.761;656;42;261
26.09.2022;01:15;1.177;349;1.240;1.828;0;29;1.009;2.989;1.719;655;0;260
26.09.2022;01:30;1.177;331;1.187;1.861;0;29;1.009;2.987;1.673;654;76;259
26.09.2022;01:45;1.177;325;1.200;1.952;0;29;1.009;2.991;1.536;649;81;259
26.09.2022;02:00;1.173;330;1.213;2.085;0;29;1.010;2.998;1.518;654;3;260
26.09.2022;02:15;1.174;325;1.239;2.191;0;29;1.008;2.989;1.521;650;46;259
26.09.2022;02:30;1.175;325;1.272;2.330;0;29;1.008;2.969;1.504;652;51;260
26.09.2022;02:45;1.175;327;1.340;2.404;0;29;1.009;2.983;1.417;652;0;262
26.09.2022;03:00;1.176;333;1.311;2.394;0;29;1.008;2.987;1.352;645;28;261
26.09.2022;03:15;1.175;324;1.344;2.435;0;29;1.008;2.988;1.328;653;0;262
26.09.2022;03:30;1.175;324;1.357;2.504;0;29;1.008;3.004;1.334;658;0;261
26.09.2022;03:45;1.171;325;1.390;2.513;0;29;1.007;2.987;1.351;660;0;261
26.09.2022;04:00;1.171;335;1.363;2.602;0;29;1.004;2.997;1.385;662;2;261
26.09.2022;04:15;1.170;340;1.386;2.709;0;29;1.005;2.988;1.398;677;13;260
26.09.2022;04:30;1.166;346;1.383;2.804;0;29;1.006;3.008;1.398;683;12;262
26.09.2022;04:45;1.164;368;1.391;2.874;0;29;1.008;3.028;1.361;681;12;261
26.09.2022;05:00;1.165;345;1.444;3.050;0;29;1.008;3.032;1.351;686;11;255
26.09.2022;05:15;1.165;351;1.462;3.147;0;29;1.009;3.003;1.484;683;12;254
26.09.2022;05:30;1.164;355;1.468;3.291;0;29;1.010;3.007;1.602;673;46;254
26.09.2022;05:45;1.160;373;1.467;3.425;0;29;1.009;2.993;1.750;673;49;256
26.09.2022;06:00;1.163;357;1.460;3.584;0;29;1.007;2.990;1.905;691;17;256
26.09.2022;06:15;1.162;362;1.482;3.621;0;29;1.009;3.016;2.056;699;78;257
26.09.2022;06:30;1.163;383;1.431;3.735;0;29;1.009;3.017;2.087;711;213;257
26.09.2022;06:45;1.160;370;1.474;3.735;1;29;1.009;2.985;2.145;718;346;257
26.09.2022;07:00;1.165;367;1.409;3.783;8;29;1.007;2.948;2.195;727;534;258
26.09.2022;07:15;1.165;367;1.381;3.844;37;29;1.008;2.959;2.220;775;744;256
26.09.2022;07:30;1.164;366;1.382;3.870;143;29;1.009;2.961;2.231;786;742;256
26.09.2022;07:45;1.165;368;1.432;3.822;331;29;1.008;2.967;2.227;770;801;257
26.09.2022;08:00;1.168;371;1.450;3.808;560;29;1.006;2.964;2.228;769;935;263
26.09.2022;08:15;1.169;361;1.448;3.776;834;29;1.010;2.972;2.229;822;856;263
26.09.2022;08:30;1.170;360;1.443;3.739;1.170;29;1.010;2.963;2.239;824;728;263
26.09.2022;08:45;1.174;362;1.434;3.708;1.543;29;1.009;2.964;2.239;790;587;262
26.09.2022;09:00;1.173;382;1.441;3.739;1.936;29;1.013;2.965;2.230;734;591;261
26.09.2022;09:15;1.172;371;1.463;3.693;2.319;29;1.013;2.954;2.204;733;480;261
26.09.2022;09:30;1.175;355;1.471;3.697;2.699;29;1.012;2.948;2.139;762;468;262
26.09.2022;09:45;1.179;354;1.476;3.784;3.127;29;1.008;2.940;2.060;790;376;261
26.09.2022;10:00;1.179;379;1.519;3.897;3.484;29;1.010;2.937;1.954;775;78;261
26.09.2022;10:15;1.178;370;1.519;4.010;3.836;29;1.008;2.944;1.834;783;9;262
26.09.2022;10:30;1.179;388;1.509;4.135;4.100;29;1.011;2.953;1.719;779;19;262
26.09.2022;10:45;1.185;365;1.502;4.259;4.307;29;1.009;2.924;1.549;771;96;261
26.09.2022;11:00;1.189;385;1.398;4.490;4.404;29;1.010;2.823;1.395;761;36;261
26.09.2022;11:15;1.188;364;1.391;4.704;4.483;29;1.010;2.784;1.320;755;39;259
26.09.2022;11:30;1.189;346;1.370;4.885;4.584;29;1.010;2.778;1.265;756;25;259
26.09.2022;11:45;1.190;353;1.333;5.057;4.712;29;1.010;2.750;1.215;757;4;260
26.09.2022;12:00;1.188;420;1.239;5.201;4.740;29;1.011;2.754;1.186;756;25;259
26.09.2022;12:15;1.188;384;1.185;5.276;4.789;29;1.011;2.742;1.184;752;43;257
26.09.2022;12:30;1.189;360;1.170;5.456;4.763;29;1.011;2.690;1.196;749;36;255
26.09.2022;12:45;1.187;340;1.180;5.552;4.669;29;1.009;2.621;1.218;746;18;256
26.09.2022;13:00;1.185;374;1.205;5.729;4.572;29;1.010;2.656;1.238;751;28;258
26.09.2022;13:15;1.184;355;1.216;5.860;4.458;29;1.010;2.695;1.242;751;26;258
26.09.2022;13:30;1.183;339;1.216;5.981;4.441;29;1.010;2.708;1.234;759;8;256
26.09.2022;13:45;1.186;341;1.220;6.112;4.351;29;1.010;2.670;1.207;760;9;257
26.09.2022;14:00;1.184;341;1.343;6.087;4.213;29;1.009;2.689;1.232;773;0;258
26.09.2022;14:15;1.186;359;1.313;6.105;3.983;29;1.010;2.714;1.252;769;0;258
26.09.2022;14:30;1.183;359;1.252;6.164;3.750;29;1.010;2.741;1.223;771;0;257
26.09.2022;14:45;1.181;348;1.329;6.211;3.538;29;1.008;2.750;1.229;775;4;260
26.09.2022;15:00;1.181;341;1.262;6.102;3.330;29;1.007;2.783;1.251;770;4;262
26.09.2022;15:15;1.184;343;1.204;6.257;3.193;29;1.009;2.763;1.251;772;1;261
26.09.2022;15:30;1.185;349;1.269;6.353;3.010;29;1.009;2.788;1.196;775;22;260
26.09.2022;15:45;1.184;350;1.164;6.385;2.809;29;1.009;2.802;1.199;769;17;262
26.09.2022;16:00;1.184;346;1.096;6.138;2.606;29;1.008;2.835;1.196;784;3;258
26.09.2022;16:15;1.185;347;1.052;6.235;2.364;29;1.009;2.848;1.215;793;10;257
26.09.2022;16:30;1.186;346;1.069;6.210;2.089;29;1.010;2.847;1.258;792;35;256
26.09.2022;16:45;1.185;347;1.045;6.213;1.787;29;1.010;2.867;1.330;796;93;256
26.09.2022;17:00;1.182;339;959;5.900;1.480;29;1.007;2.871;1.465;822;137;257
26.09.2022;17:15;1.181;358;876;5.883;1.176;29;1.008;2.884;1.593;830;131;260
26.09.2022;17:30;1.183;350;836;5.902;898;29;1.008;2.911;1.694;830;113;258
26.09.2022;17:45;1.184;370;727;5.847;627;29;1.009;2.943;1.796;859;263;257
26.09.2022;18:00;1.185;340;663;5.865;416;29;1.006;2.914;1.915;879;337;257
26.09.2022;18:15;1.187;344;594;5.882;236;29;1.009;2.956;1.966;879;470;258
26.09.2022;18:30;1.187;346;570;5.910;101;29;1.010;2.955;2.008;894;530;258
26.09.2022;18:45;1.184;349;604;5.923;27;29;1.009;2.938;2.135;897;597;253
26.09.2022;19:00;1.185;347;581;5.866;4;29;1.009;2.937;2.189;889;780;257
26.09.2022;19:15;1.185;352;513;5.826;1;29;1.009;2.969;2.223;884;821;257
26.09.2022;19:30;1.186;357;539;5.763;0;29;1.009;2.976;2.257;888;764;257
26.09.2022;19:45;1.185;350;532;5.661;0;29;1.008;2.977;2.184;883;806;257
26.09.2022;20:00;1.185;355;575;5.630;0;29;1.009;2.958;2.204;874;854;257
26.09.2022;20:15;1.186;349;569;5.620;0;29;1.011;2.960;2.186;875;592;256
26.09.2022;20:30;1.188;354;611;5.515;0;29;1.010;2.941;2.173;875;451;258
26.09.2022;20:45;1.186;345;725;5.389;0;29;1.009;2.924;2.142;871;338;260
26.09.2022;21:00;1.187;389;709;5.296;0;29;1.010;2.960;2.141;862;316;260
26.09.2022;21:15;1.188;372;722;5.210;0;29;1.009;2.955;2.145;848;181;258
26.09.2022;21:30;1.188;347;747;5.159;0;29;1.009;2.961;2.039;843;183;260
26.09.2022;21:45;1.185;349;735;5.028;0;29;1.008;2.964;1.935;843;167;260
26.09.2022;22:00;1.184;415;784;4.843;0;29;1.011;2.968;1.893;821;247;258
26.09.2022;22:15;1.182;354;797;4.788;0;29;1.010;2.960;1.862;819;194;258
26.09.2022;22:30;1.183;351;826;4.706;0;29;1.009;2.934;1.832;817;109;258
26.09.2022;22:45;1.182;347;864;4.613;0;29;1.009;2.951;1.813;809;2;258
26.09.2022;23:00;1.182;354;825;4.500;0;29;1.011;2.973;1.840;781;43;259
26.09.2022;23:15;1.180;346;826;4.378;0;29;1.011;2.969;1.834;746;43;259
26.09.2022;23:30;1.181;354;847;4.219;0;29;1.011;2.968;1.842;703;15;259
26.09.2022;23:45;1.181;354;866;4.022;0;29;1.010;2.951;1.827;693;29;258
27.09.2022;00:00;1.177;349;866;3.890;0;29;1.012;2.957;1.744;659;2;255
27.09.2022;00:15;1.177;342;872;3.828;0;29;1.013;2.978;1.737;640;7;256
27.09.2022;00:30;1.178;345;849;3.755;0;29;1.007;2.952;1.689;637;4;253
27.09.2022;00:45;1.177;348;816;3.723;0;29;1.006;2.953;1.690;642;3;252
27.09.2022;01:00;1.176;353;816;3.670;0;29;1.007;2.947;1.731;648;40;254
27.09.2022;01:15;1.178;351;840;3.590;0;29;1.007;2.940;1.754;646;3;255
27.09.2022;01:30;1.186;353;816;3.530;0;29;1.007;2.944;1.745;646;38;256
27.09.2022;01:45;1.187;352;805;3.517;0;29;1.007;2.940;1.752;644;2;256
27.09.2022;02:00;1.186;363;810;3.467;0;29;1.008;2.925;1.759;644;15;257
27.09.2022;02:15;1.187;351;772;3.482;0;29;1.007;2.923;1.731;642;24;255
27.09.2022;02:30;1.186;351;787;3.437;0;29;1.008;2.929;1.708;646;19;254
27.09.2022;02:45;1.180;349;809;3.432;0;29;1.007;2.919;1.676;645;13;254
27.09.2022;03:00;1.179;350;865;3.459;0;29;1.008;2.869;1.606;642;1;254
27.09.2022;03:15;1.179;348;914;3.487;0;29;1.007;2.842;1.546;655;1;254
27.09.2022;03:30;1.177;347;973;3.489;0;29;1.007;2.835;1.546;687;1;254
27.09.2022;03:45;1.175;346;1.034;3.534;0;29;1.007;2.823;1.552;689;0;254
27.09.2022;04:00;1.175;361;988;3.543;0;29;1.008;2.847;1.584;691;2;254
27.09.2022;04:15;1.174;359;931;3.526;0;29;1.008;2.850;1.603;689;7;253
27.09.2022;04:30;1.174;356;1.038;3.610;0;29;1.008;2.858;1.623;699;14;255
27.09.2022;04:45;1.172;349;1.056;3.671;0;29;1.008;2.865;1.655;707;26;255
27.09.2022;05:00;1.173;350;1.067;3.640;0;29;1.007;2.863;1.775;749;26;250
27.09.2022;05:15;1.173;357;1.088;3.618;0;29;1.008;2.872;1.909;753;60;252
27.09.2022;05:30;1.172;383;1.016;3.676;0;29;1.008;2.868;2.057;760;55;252
27.09.2022;05:45;1.172;352;1.037;3.734;0;29;1.008;2.872;2.171;837;11;252
27.09.2022;06:00;1.173;359;1.010;3.770;0;29;1.007;2.853;2.209;980;41;254
27.09.2022;06:15;1.174;373;955;3.801;0;29;1.008;2.871;2.257;1.096;160;254
27.09.2022;06:30;1.174;413;930;3.821;0;29;1.009;2.890;2.303;1.235;450;255
27.09.2022;06:45;1.175;402;980;3.817;1;29;1.009;2.905;2.367;1.340;679;256
27.09.2022;07:00;1.178;391;968;3.824;2;29;1.006;2.945;2.360;1.559;617;255
27.09.2022;07:15;1.180;400;980;3.805;14;29;1.008;2.992;2.404;1.642;727;254
27.09.2022;07:30;1.181;399;1.093;3.788;51;29;1.007;3.012;2.450;1.644;884;252
27.09.2022;07:45;1.180;400;1.024;3.776;128;29;1.008;3.030;2.488;1.684;874;253
27.09.2022;08:00;1.181;405;968;3.725;241;29;1.010;3.028;2.507;1.730;865;258
27.09.2022;08:15;1.183;409;1.025;3.700;387;29;1.013;3.027;2.515;1.807;818;260
27.09.2022;08:30;1.184;425;951;3.650;557;29;1.014;3.027;2.522;1.930;690;260
27.09.2022;08:45;1.182;418;841;3.627;750;29;1.014;3.030;2.523;1.985;568;259
27.09.2022;09:00;1.186;436;770;3.609;950;29;1.015;3.023;2.526;1.944;545;260
27.09.2022;09:15;1.185;414;768;3.557;1.160;29;1.015;3.019;2.515;1.827;468;262
27.09.2022;09:30;1.185;385;755;3.581;1.389;29;1.014;3.019;2.508;1.819;316;260
27.09.2022;09:45;1.184;383;722;3.567;1.651;29;1.013;2.999;2.496;1.805;266;260
27.09.2022;10:00;1.185;421;690;3.564;1.882;29;1.014;2.990;2.502;1.767;364;261
27.09.2022;10:15;1.184;415;680;3.603;2.021;29;1.014;2.901;2.497;1.734;297;259
27.09.2022;10:30;1.187;417;708;3.665;2.167;29;1.014;2.789;2.489;1.743;227;260
27.09.2022;10:45;1.190;406;697;3.665;2.330;29;1.014;2.796;2.497;1.692;169;258
27.09.2022;11:00;1.191;435;748;3.683;2.469;29;1.014;2.597;2.497;1.381;279;256
27.09.2022;11:15;1.187;437;686;3.740;2.603;29;1.014;2.572;2.508;1.186;292;254
27.09.2022;11:30;1.186;429;584;3.697;2.787;29;1.014;2.595;2.515;1.224;383;255
27.09.2022;11:45;1.188;401;551;3.729;2.979;29;1.015;2.585;2.513;1.208;346;258
27.09.2022;12:00;1.188;385;512;3.729;3.065;29;1.014;2.587;2.512;1.156;266;257
27.09.2022;12:15;1.188;376;480;3.730;3.169;29;1.006;2.583;2.497;1.185;187;259
27.09.2022;12:30;1.188;367;456;3.807;3.313;29;1.006;2.634;2.480;1.181;64;262
27.09.2022;12:45;1.186;365;417;3.800;3.417;30;1.007;2.685;2.478;1.178;55;264
27.09.2022;13:00;1.188;369;395;3.812;3.479;33;1.007;2.706;2.463;1.089;13;270
27.09.2022;13:15;1.187;364;406;3.867;3.521;32;1.006;2.695;2.417;1.068;4;270
27.09.2022;13:30;1.190;381;368;3.881;3.544;32;1.008;2.704;2.424;1.061;6;265
27.09.2022;13:45;1.190;383;369;3.798;3.575;31;1.006;2.700;2.453;1.053;1;262
27.09.2022;14:00;1.193;421;383;3.854;3.629;30;1.005;2.712;2.467;1.063;9;260
27.09.2022;14:15;1.195;399;342;3.893;3.599;30;1.006;2.724;2.519;1.066;27;260
27.09.2022;14:30;1.192;403;321;3.856;3.497;30;1.007;2.747;2.523;1.072;40;260
27.09.2022;14:45;1.193;407;339;3.778;3.374;29;1.008;2.767;2.541;1.067;41;261
27.09.2022;15:00;1.194;389;340;3.600;3.212;29;1.011;2.772;2.541;1.074;37;258
27.09.2022;15:15;1.196;416;343;3.532;3.002;29;1.012;2.788;2.576;1.067;57;260
27.09.2022;15:30;1.197;416;379;3.477;2.806;29;1.014;2.819;2.591;1.075;94;260
27.09.2022;15:45;1.192;397;389;3.411;2.652;29;1.014;2.852;2.622;1.115;118;261
27.09.2022;16:00;1.195;386;347;3.342;2.406;29;1.010;2.851;2.600;1.384;46;262
27.09.2022;16:15;1.196;415;339;3.300;2.218;29;1.014;2.882;2.599;1.463;75;262
27.09.2022;16:30;1.196;385;320;3.143;2.022;29;1.015;2.929;2.650;1.664;118;262
27.09.2022;16:45;1.194;387;282;3.099;1.725;29;1.015;2.962;2.653;1.826;247;261
27.09.2022;17:00;1.197;395;254;2.947;1.433;29;1.015;2.995;2.692;1.878;211;262
27.09.2022;17:15;1.197;403;234;2.877;1.177;29;1.015;3.010;2.722;1.961;265;262
27.09.2022;17:30;1.196;452;225;2.687;914;29;1.015;3.057;2.760;1.968;632;262
27.09.2022;17:45;1.194;467;201;2.593;663;29;1.015;3.126;2.788;1.971;987;263
27.09.2022;18:00;1.195;395;180;2.507;451;29;1.014;3.165;2.757;2.009;649;265
27.09.2022;18:15;1.196;449;171;2.400;273;29;1.015;3.174;2.777;2.007;904;265
27.09.2022;18:30;1.197;452;169;2.375;136;29;1.015;3.188;2.780;2.007;1.219;265
27.09.2022;18:45;1.195;455;163;2.470;41;29;1.015;3.189;2.780;2.021;1.310;264
27.09.2022;19:00;1.197;458;159;2.450;5;29;1.015;3.180;2.776;2.035;1.253;265
27.09.2022;19:15;1.197;444;146;2.431;0;29;1.015;3.216;2.782;2.036;1.345;263
27.09.2022;19:30;1.196;437;118;2.457;0;29;1.016;3.224;2.780;2.039;1.367;264
27.09.2022;19:45;1.196;436;67;2.548;0;29;1.016;3.254;2.780;2.032;1.300;264
27.09.2022;20:00;1.196;435;61;2.569;0;29;1.017;3.277;2.776;2.034;1.187;265
27.09.2022;20:15;1.198;449;56;2.579;0;29;1.016;3.274;2.779;1.951;1.061;264
27.09.2022;20:30;1.199;446;54;2.571;0;29;1.016;3.263;2.771;1.831;880;263
27.09.2022;20:45;1.195;427;41;2.565;0;29;1.016;3.255;2.762;1.566;724;265
27.09.2022;21:00;1.194;443;36;2.599;0;29;1.017;3.267;2.748;1.585;775;266
27.09.2022;21:15;1.196;435;38;2.654;0;29;1.017;3.241;2.750;1.543;423;265
27.09.2022;21:30;1.196;411;36;2.667;0;29;1.017;3.236;2.749;1.532;204;265
27.09.2022;21:45;1.191;419;34;2.688;0;29;1.017;3.236;2.746;1.426;39;264
27.09.2022;22:00;1.196;437;28;2.684;0;29;1.018;3.244;2.744;1.233;272;264
27.09.2022;22:15;1.197;415;21;2.731;0;29;1.018;3.227;2.716;1.095;132;262
27.09.2022;22:30;1.195;425;34;2.698;0;29;1.018;3.242;2.681;968;98;263
27.09.2022;22:45;1.194;400;39;2.613;0;29;1.017;3.241;2.676;856;55;265
27.09.2022;23:00;1.192;454;36;2.582;0;29;1.018;3.237;2.655;738;110;263
27.09.2022;23:15;1.194;418;32;2.514;0;29;1.016;3.234;2.631;728;55;262
27.09.2022;23:30;1.191;406;32;2.411;0;29;1.017;3.249;2.612;724;118;263
27.09.2022;23:45;1.192;397;39;2.347;0;29;1.016;3.246;2.586;724;115;264
28.09.2022;00:00;1.189;419;44;2.319;0;29;1.016;3.233;2.591;736;37;261
28.09.2022;00:15;1.187;390;42;2.290;0;29;1.016;3.217;2.601;740;53;261
28.09.2022;00:30;1.187;389;44;2.261;0;29;1.017;3.213;2.572;737;0;260
28.09.2022;00:45;1.184;389;52;2.226;0;29;1.016;3.215;2.565;739;0;259
28.09.2022;01:00;1.184;391;47;2.179;0;29;1.018;3.229;2.578;689;0;260
28.09.2022;01:15;1.183;392;49;2.115;0;29;1.018;3.224;2.591;677;1;260
28.09.2022;01:30;1.181;390;62;2.045;0;29;1.018;3.232;2.587;660;0;261
28.09.2022;01:45;1.183;390;66;1.974;0;29;1.018;3.233;2.558;658;0;258
28.09.2022;02:00;1.185;395;65;1.925;0;29;1.018;3.238;2.510;664;0;259
28.09.2022;02:15;1.186;392;70;1.859;0;29;1.018;3.234;2.493;667;3;259
28.09.2022;02:30;1.185;390;73;1.823;0;29;1.018;3.224;2.498;668;1;259
28.09.2022;02:45;1.185;399;63;1.808;0;29;1.019;3.232;2.495;663;4;259
28.09.2022;03:00;1.184;403;65;1.771;0;29;1.019;3.239;2.468;666;0;260
28.09.2022;03:15;1.183;397;68;1.712;0;29;1.019;3.234;2.466;663;2;260
28.09.2022;03:30;1.183;396;59;1.666;0;29;1.019;3.240;2.479;668;1;260
28.09.2022;03:45;1.180;397;53;1.605;0;29;1.018;3.246;2.504;667;7;259
28.09.2022;04:00;1.179;410;52;1.547;0;29;1.018;3.230;2.531;676;70;261
28.09.2022;04:15;1.180;390;49;1.500;0;29;1.018;3.240;2.562;706;50;261
28.09.2022;04:30;1.180;386;45;1.469;0;29;1.018;3.238;2.622;755;27;262
28.09.2022;04:45;1.178;390;42;1.475;0;29;1.018;3.243;2.671;781;24;260
28.09.2022;05:00;1.179;380;41;1.474;0;29;1.016;3.244;2.713;849;18;258
28.09.2022;05:15;1.179;380;38;1.487;0;29;1.017;3.251;2.724;920;18;260
28.09.2022;05:30;1.178;383;39;1.457;0;29;1.016;3.255;2.743;1.004;31;259
28.09.2022;05:45;1.175;384;40;1.442;0;29;1.016;3.267;2.758;1.133;20;259
28.09.2022;06:00;1.175;421;49;1.451;0;29;1.015;3.280;2.759;1.392;120;256
28.09.2022;06:15;1.175;405;52;1.459;0;29;1.017;3.303;2.781;1.567;206;256
28.09.2022;06:30;1.176;412;41;1.492;0;29;1.017;3.309;2.801;1.694;465;260
28.09.2022;06:45;1.175;436;37;1.497;2;29;1.016;3.295;2.815;1.800;670;260
28.09.2022;07:00;1.176;431;33;1.497;4;29;1.013;3.300;2.851;1.919;410;260
28.09.2022;07:15;1.176;404;27;1.425;24;29;1.016;3.316;2.902;1.948;557;260
28.09.2022;07:30;1.176;429;18;1.364;71;29;1.017;3.311;2.939;1.966;710;260
28.09.2022;07:45;1.178;443;13;1.273;155;29;1.016;3.317;2.964;1.978;831;260
28.09.2022;08:00;1.181;436;13;1.191;271;29;1.015;3.310;2.990;2.001;1.123;264
28.09.2022;08:15;1.181;463;11;1.144;415;29;1.015;3.311;3.004;2.013;1.160;257
28.09.2022;08:30;1.183;464;10;1.096;583;29;1.014;3.305;3.014;2.022;1.082;261
28.09.2022;08:45;1.184;445;7;1.038;777;29;1.015;3.304;3.024;2.026;1.035;262
28.09.2022;09:00;1.181;465;7;986;972;29;1.015;3.292;3.029;2.033;1.138;262
28.09.2022;09:15;1.179;428;7;937;1.185;29;1.016;3.287;3.040;2.040;997;264
28.09.2022;09:30;1.177;428;7;894;1.387;29;1.017;3.300;3.031;2.030;820;265
28.09.2022;09:45;1.181;437;11;827;1.612;29;1.017;3.278;3.029;2.037;761;265
28.09.2022;10:00;1.182;463;5;817;1.796;29;1.018;3.275;3.025;2.046;613;265
28.09.2022;10:15;1.182;444;4;810;1.992;29;1.017;3.273;3.042;2.052;515;266
28.09.2022;10:30;1.180;436;10;809;2.175;29;1.017;3.264;3.051;2.033;410;276
28.09.2022;10:45;1.187;423;12;799;2.354;29;1.017;3.262;2.963;2.021;326;290
28.09.2022;11:00;1.189;399;10;800;2.566;29;1.017;3.253;2.931;2.018;422;294
28.09.2022;11:15;1.189;392;7;787;2.731;29;1.017;3.252;2.931;2.020;286;294
28.09.2022;11:30;1.190;390;4;767;2.913;29;1.017;3.240;2.934;2.013;227;292
28.09.2022;11:45;1.188;387;4;767;3.115;29;1.017;3.244;2.937;1.942;184;294
28.09.2022;12:00;1.189;405;4;801;3.274;29;1.017;3.219;2.933;1.851;215;299
28.09.2022;12:15;1.189;400;4;803;3.370;29;1.018;3.208;2.931;1.751;134;298
28.09.2022;12:30;1.191;397;4;808;3.394;29;1.018;3.215;2.931;1.715;91;303
28.09.2022;12:45;1.188;396;5;810;3.416;29;1.017;3.201;2.933;1.705;82;315
28.09.2022;13:00;1.189;426;4;823;3.423;29;1.017;3.192;2.929;1.708;235;313
28.09.2022;13:15;1.189;408;4;825;3.418;29;1.016;3.179;2.928;1.719;183;311
28.09.2022;13:30;1.190;438;5;840;3.369;29;1.016;3.178;2.931;1.713;174;309
28.09.2022;13:45;1.190;391;7;835;3.341;29;1.015;3.190;2.930;1.698;86;305
28.09.2022;14:00;1.196;424;9;816;3.296;29;1.016;3.237;2.919;1.684;80;308
28.09.2022;14:15;1.199;445;13;807;3.290;29;1.017;3.281;2.960;1.628;89;313
28.09.2022;14:30;1.198;452;14;803;3.219;29;1.016;3.303;2.966;1.684;101;313
28.09.2022;14:45;1.197;444;11;789;3.132;29;1.015;3.322;2.974;1.657;97;307
28.09.2022;15:00;1.198;422;6;782;3.014;29;1.015;3.254;2.981;1.599;135;312
28.09.2022;15:15;1.201;423;6;775;2.948;29;1.016;3.266;2.988;1.608;144;315
28.09.2022;15:30;1.202;429;5;746;2.802;29;1.016;3.268;3.007;1.632;127;314
28.09.2022;15:45;1.206;450;7;715;2.616;29;1.016;3.272;3.024;1.664;220;313
28.09.2022;16:00;1.209;411;8;690;2.441;29;1.015;3.287;3.051;1.737;334;304
28.09.2022;16:15;1.209;420;4;683;2.214;29;1.016;3.287;3.064;1.902;214;298
28.09.2022;16:30;1.209;451;6;668;1.992;29;1.016;3.289;3.067;2.087;264;293
28.09.2022;16:45;1.207;460;4;656;1.736;29;1.016;3.291;3.070;2.172;313;287
28.09.2022;17:00;1.207;420;2;631;1.470;29;1.015;3.274;3.064;2.227;197;259
28.09.2022;17:15;1.205;460;1;600;1.187;29;1.015;3.298;3.067;2.318;336;259
28.09.2022;17:30;1.203;468;1;544;908;29;1.015;3.289;3.063;2.412;573;259
28.09.2022;17:45;1.203;466;2;502;661;29;1.015;3.285;3.064;2.435;785;260
28.09.2022;18:00;1.203;441;2;475;436;29;1.011;3.270;3.083;2.453;627;259
28.09.2022;18:15;1.201;440;2;447;249;29;1.015;3.302;3.075;2.451;856;259
28.09.2022;18:30;1.201;439;3;419;114;29;1.015;3.292;3.072;2.457;1.111;261
28.09.2022;18:45;1.199;431;4;404;32;29;1.015;3.292;3.072;2.461;1.284;261
28.09.2022;19:00;1.200;434;5;391;5;29;1.014;3.277;3.079;2.483;1.236;262
28.09.2022;19:15;1.200;448;6;375;1;29;1.015;3.294;3.080;2.483;1.303;260
28.09.2022;19:30;1.200;446;8;385;0;29;1.015;3.335;3.058;2.511;1.318;262
28.09.2022;19:45;1.199;448;13;419;0;29;1.015;3.374;3.047;2.512;1.272;263
28.09.2022;20:00;1.199;446;13;459;0;29;1.016;3.387;3.042;2.495;1.513;264
28.09.2022;20:15;1.201;428;17;522;0;29;1.015;3.389;3.037;2.495;1.299;264
28.09.2022;20:30;1.200;424;21;565;0;29;1.015;3.396;3.019;2.495;998;264
28.09.2022;20:45;1.199;427;15;621;0;29;1.016;3.400;3.052;2.468;679;262
28.09.2022;21:00;1.199;471;18;667;0;29;1.016;3.431;3.026;2.446;454;265
28.09.2022;21:15;1.200;434;17;700;0;29;1.015;3.436;3.036;2.380;136;265
28.09.2022;21:30;1.198;445;18;730;0;29;1.015;3.424;3.037;2.206;75;265
28.09.2022;21:45;1.198;426;20;754;0;29;1.015;3.414;3.005;2.064;64;266
28.09.2022;22:00;1.196;467;44;756;0;29;1.016;3.400;3.003;1.991;218;264
28.09.2022;22:15;1.195;429;46;800;0;29;1.015;3.358;3.000;1.918;58;264
28.09.2022;22:30;1.194;431;40;841;0;29;1.015;3.360;3.002;1.784;86;263
28.09.2022;22:45;1.194;422;42;869;0;29;1.015;3.365;2.998;1.603;84;263
28.09.2022;23:00;1.194;419;49;889;0;29;1.016;3.388;2.994;1.298;178;262
28.09.2022;23:15;1.193;416;60;886;0;29;1.015;3.371;2.997;1.180;70;264
28.09.2022;23:30;1.195;413;52;907;0;29;1.015;3.368;2.974;1.054;42;262
28.09.2022;23:45;1.195;410;37;946;0;29;1.014;3.347;2.956;1.010;13;261
29.09.2022;00:00;1.191;418;36;954;0;29;1.016;3.359;2.935;899;9;200
29.09.2022;00:15;1.192;414;28;966;0;29;1.016;3.349;2.939;821;11;200
29.09.2022;00:30;1.192;413;27;967;0;29;1.015;3.355;2.929;754;8;198
29.09.2022;00:45;1.191;413;31;929;0;29;1.015;3.315;2.921;748;5;200
29.09.2022;01:00;1.193;418;35;921;0;29;1.016;3.352;2.948;733;58;199
29.09.2022;01:15;1.190;414;42;901;0;29;1.016;3.363;2.945;759;29;198
29.09.2022;01:30;1.190;412;56;878;0;29;1.016;3.366;2.941;762;2;198
29.09.2022;01:45;1.193;422;92;846;0;29;1.016;3.357;2.906;765;9;197
29.09.2022;02:00;1.194;428;71;849;0;29;1.017;3.363;2.884;739;14;197
29.09.2022;02:15;1.193;424;48;852;0;29;1.016;3.373;2.833;726;11;197
29.09.2022;02:30;1.192;423;55;820;0;29;1.016;3.369;2.821;725;8;196
29.09.2022;02:45;1.190;420;65;779;0;29;1.017;3.362;2.781;727;6;197
29.09.2022;03:00;1.191;423;65;771;0;29;1.017;3.376;2.751;701;1;197
29.09.2022;03:15;1.190;417;74;755;0;29;1.017;3.371;2.758;699;0;196
29.09.2022;03:30;1.190;416;67;743;0;29;1.017;3.378;2.764;700;0;196
29.09.2022;03:45;1.190;415;72;721;0;29;1.017;3.376;2.777;698;0;195
29.09.2022;04:00;1.188;405;105;669;0;29;1.018;3.379;2.792;701;0;195
29.09.2022;04:15;1.188;403;119;638;0;29;1.018;3.386;2.841;704;0;197
29.09.2022;04:30;1.187;406;110;631;0;29;1.019;3.396;2.941;714;0;197
29.09.2022;04:45;1.185;414;112;630;0;29;1.020;3.401;2.980;739;16;196
29.09.2022;05:00;1.184;407;116;616;0;29;1.018;3.398;3.024;912;10;200
29.09.2022;05:15;1.184;403;174;524;0;29;1.018;3.401;3.033;1.015;25;198
29.09.2022;05:30;1.184;405;129;557;0;29;1.019;3.403;3.039;1.338;24;199
29.09.2022;05:45;1.181;409;90;602;0;29;1.018;3.396;3.054;1.670;36;198
29.09.2022;06:00;1.185;429;94;575;0;29;1.017;3.386;3.047;2.071;108;198
29.09.2022;06:15;1.181;435;85;581;0;29;1.018;3.405;3.062;2.209;210;194
29.09.2022;06:30;1.184;470;72;586;0;29;1.019;3.416;3.069;2.310;646;195
29.09.2022;06:45;1.182;427;66;567;1;29;1.020;3.440;3.073;2.381;1.005;200
29.09.2022;07:00;1.185;461;56;566;3;29;1.018;3.444;3.077;2.449;884;200
29.09.2022;07:15;1.186;470;78;545;28;29;1.019;3.443;3.079;2.471;1.013;199
29.09.2022;07:30;1.188;467;92;563;117;29;1.019;3.443;3.085;2.474;1.054;200
29.09.2022;07:45;1.187;453;92;561;285;29;1.019;3.433;3.077;2.502;1.017;200
29.09.2022;08:00;1.189;450;116;552;508;29;1.020;3.427;3.066;2.516;1.387;199
29.09.2022;08:15;1.187;450;121;553;773;29;1.019;3.415;3.053;2.533;1.362;199
29.09.2022;08:30;1.189;446;141;551;1.083;29;1.019;3.413;3.048;2.533;1.078;198
29.09.2022;08:45;1.191;444;180;523;1.411;29;1.019;3.421;3.042;2.533;747;198
29.09.2022;09:00;1.192;443;211;475;1.776;29;1.020;3.418;2.989;2.522;896;198
29.09.2022;09:15;1.193;444;209;408;2.178;29;1.019;3.409;2.993;2.512;613;200
29.09.2022;09:30;1.192;438;202;345;2.570;29;1.019;3.417;2.990;2.471;343;199
29.09.2022;09:45;1.192;437;189;321;2.981;29;1.018;3.412;2.993;2.465;208;200
29.09.2022;10:00;1.189;451;186;289;3.328;29;1.020;3.400;2.990;2.388;445;200
29.09.2022;10:15;1.189;419;180;262;3.693;29;1.019;3.390;2.988;2.154;213;200
29.09.2022;10:30;1.189;415;175;246;4.067;29;1.019;3.378;2.994;2.021;96;198
29.09.2022;10:45;1.190;410;165;241;4.407;29;1.019;3.373;3.000;1.771;113;198
29.09.2022;11:00;1.192;405;163;235;4.730;29;1.017;3.351;2.997;1.446;93;200
29.09.2022;11:15;1.192;419;143;255;4.971;29;1.017;3.341;2.998;1.440;68;200
29.09.2022;11:30;1.191;420;138;272;5.134;29;1.017;3.325;2.982;1.480;78;198
29.09.2022;11:45;1.189;446;139;291;5.230;29;1.016;3.315;2.966;1.458;93;196
29.09.2022;12:00;1.188;471;148;297;5.281;29;1.012;3.289;2.968;1.452;72;199
29.09.2022;12:15;1.192;459;142;319;5.205;29;1.012;3.283;2.972;1.432;74;198
29.09.2022;12:30;1.190;407;134;356;5.136;29;1.013;3.298;2.964;1.441;52;200
29.09.2022;12:45;1.191;411;135;364;5.034;29;1.012;3.278;2.936;1.434;48;200
29.09.2022;13:00;1.191;450;143;363;4.862;29;1.013;3.223;2.883;1.275;101;198
29.09.2022;13:15;1.192;436;160;382;4.668;29;1.013;3.199;2.879;1.272;70;189
29.09.2022;13:30;1.190;441;173;418;4.481;29;1.012;3.222;2.908;1.295;85;187
29.09.2022;13:45;1.190;414;172;433;4.311;29;1.011;3.228;2.919;1.286;77;193
29.09.2022;14:00;1.193;407;173;413;4.133;29;1.012;3.246;2.934;1.208;39;198
29.09.2022;14:15;1.190;408;189;408;3.947;29;1.013;3.258;2.954;1.227;41;199
29.09.2022;14:30;1.189;419;207;404;3.750;29;1.013;3.256;2.966;1.267;88;198
29.09.2022;14:45;1.191;441;224;392;3.521;29;1.012;3.278;2.984;1.264;57;199
29.09.2022;15:00;1.193;413;214;406;3.305;29;1.011;3.342;3.000;1.328;59;201
29.09.2022;15:15;1.191;425;232;409;3.125;29;1.012;3.355;3.041;1.367;49;199
29.09.2022;15:30;1.191;408;227;399;2.921;29;1.012;3.377;3.063;1.498;60;196
29.09.2022;15:45;1.192;397;236;418;2.738;29;1.011;3.373;3.056;1.550;154;197
29.09.2022;16:00;1.194;402;262;409;2.488;29;1.012;3.408;3.069;1.604;198;198
29.09.2022;16:15;1.196;440;294;381;2.217;29;1.014;3.420;3.059;1.643;283;200
29.09.2022;16:30;1.197;417;307;387;1.957;29;1.013;3.403;3.060;1.913;405;198
29.09.2022;16:45;1.196;412;330;376;1.678;29;1.014;3.399;3.078;2.193;447;199
29.09.2022;17:00;1.198;395;344;361;1.418;29;1.013;3.386;3.060;2.171;267;199
29.09.2022;17:15;1.200;424;353;356;1.126;29;1.014;3.400;3.081;2.241;530;196
29.09.2022;17:30;1.197;452;331;348;864;29;1.014;3.413;3.083;2.284;904;190
29.09.2022;17:45;1.199;430;357;327;626;29;1.014;3.402;3.122;2.342;1.085;194
29.09.2022;18:00;1.199;403;378;298;419;29;1.012;3.345;3.132;2.389;848;197
29.09.2022;18:15;1.199;407;369;288;247;29;1.015;3.371;3.150;2.399;1.051;199
29.09.2022;18:30;1.197;421;355;305;114;29;1.015;3.379;3.166;2.423;1.399;192
29.09.2022;18:45;1.193;433;363;329;34;29;1.014;3.379;3.169;2.426;1.537;197
29.09.2022;19:00;1.196;435;394;361;4;29;1.014;3.378;3.180;2.437;1.530;200
29.09.2022;19:15;1.199;446;405;381;0;29;1.014;3.377;3.186;2.445;1.500;200
29.09.2022;19:30;1.199;432;382;412;0;29;1.014;3.372;3.182;2.441;1.523;198
29.09.2022;19:45;1.199;427;377;451;0;29;1.014;3.349;3.185;2.441;1.477;201
29.09.2022;20:00;1.202;432;375;488;0;29;1.015;3.324;3.182;2.452;1.416;202
29.09.2022;20:15;1.199;433;358;527;0;29;1.014;3.311;3.182;2.441;1.231;202
29.09.2022;20:30;1.199;425;378;551;0;29;1.015;3.305;3.189;2.342;1.021;202
29.09.2022;20:45;1.196;428;414;560;0;29;1.014;3.264;3.191;2.032;975;201
29.09.2022;21:00;1.197;434;435;564;0;29;1.015;3.246;3.181;1.709;1.219;201
29.09.2022;21:15;1.197;441;408;563;0;29;1.015;3.230;3.153;1.676;1.003;203
29.09.2022;21:30;1.197;428;384;546;0;29;1.014;3.225;3.131;1.637;821;203
29.09.2022;21:45;1.198;415;395;539;0;29;1.014;3.218;3.116;1.621;548;203
29.09.2022;22:00;1.199;450;435;524;0;29;1.015;3.219;3.110;1.512;553;203
29.09.2022;22:15;1.198;437;437;504;0;29;1.015;3.206;3.085;1.338;305;203
29.09.2022;22:30;1.197;416;415;463;0;29;1.015;3.195;3.066;1.311;166;202
29.09.2022;22:45;1.197;407;393;429;0;29;1.014;3.166;3.044;1.288;124;201
29.09.2022;23:00;1.195;396;352;411;0;29;1.015;3.161;3.030;1.198;102;202
29.09.2022;23:15;1.194;400;312;404;0;29;1.014;3.153;3.000;1.107;41;201
29.09.2022;23:30;1.194;410;288;395;0;29;1.015;3.147;3.002;1.017;33;200
29.09.2022;23:45;1.194;401;254;402;0;29;1.014;3.156;3.001;944;6;199
30.09.2022;00:00;1.116;461;218;408;0;29;1.015;3.153;3.011;933;99;260
30.09.2022;00:15;1.115;444;188;392;0;29;1.015;3.142;3.026;934;96;260
30.09.2022;00:30;1.115;411;159;365;0;29;1.015;3.144;3.022;922;23;255
30.09.2022;00:45;1.116;399;139;343;0;29;1.015;3.153;3.011;917;2;255
30.09.2022;01:00;1.114;415;131;332;0;29;1.015;3.154;3.021;936;40;258
30.09.2022;01:15;1.113;415;121;314;0;29;1.015;3.145;3.041;906;27;255
30.09.2022;01:30;1.113;406;108;310;0;29;1.015;3.153;3.038;937;7;255
30.09.2022;01:45;1.116;413;95;302;0;29;1.014;3.154;3.026;924;8;256
30.09.2022;02:00;1.116;424;92;293;0;29;1.015;3.160;3.011;899;8;257
30.09.2022;02:15;1.117;414;90;293;0;29;1.015;3.157;3.002;892;3;256
30.09.2022;02:30;1.117;424;85;310;0;29;1.015;3.156;2.984;890;29;256
30.09.2022;02:45;1.116;421;80;327;0;29;1.015;3.155;2.952;890;8;255
30.09.2022;03:00;1.115;423;77;333;0;29;1.015;3.153;2.934;894;2;255
30.09.2022;03:15;1.115;417;68;345;0;29;1.015;3.147;2.922;911;3;254
30.09.2022;03:30;1.115;415;59;349;0;29;1.015;3.155;2.922;897;25;254
30.09.2022;03:45;1.112;413;42;370;0;29;1.016;3.167;2.927;901;18;255
30.09.2022;04:00;1.113;415;38;386;0;29;1.016;3.172;2.933;895;26;251
30.09.2022;04:15;1.112;432;39;392;0;29;1.016;3.165;2.950;887;3;255
30.09.2022;04:30;1.113;429;44;401;0;29;1.016;3.170;2.997;896;18;255
30.09.2022;04:45;1.111;430;55;427;0;29;1.015;3.178;3.041;926;23;257
30.09.2022;05:00;1.112;415;72;441;0;29;1.015;3.162;3.075;1.087;4;254
30.09.2022;05:15;1.111;427;82;451;0;29;1.015;3.175;3.096;1.115;3;254
30.09.2022;05:30;1.110;423;86;473;0;29;1.016;3.183;3.114;1.358;15;254
30.09.2022;05:45;1.108;440;83;498;0;29;1.016;3.188;3.143;1.633;50;253
30.09.2022;06:00;1.108;444;78;487;0;29;1.015;3.197;3.147;1.844;357;248
30.09.2022;06:15;1.107;453;69;489;0;29;1.015;3.216;3.161;2.127;631;244
30.09.2022;06:30;1.107;459;59;474;0;29;1.016;3.240;3.158;2.174;816;244
30.09.2022;06:45;1.102;461;55;465;1;29;1.016;3.244;3.159;2.212;1.175;241
30.09.2022;07:00;1.107;456;48;446;4;29;1.014;3.227;3.164;2.412;1.567;245
30.09.2022;07:15;1.106;485;44;450;24;29;1.016;3.237;3.159;2.451;1.633;250
30.09.2022;07:30;1.108;487;39;454;111;29;1.017;3.241;3.166;2.461;1.618;249
30.09.2022;07:45;1.108;494;45;442;289;29;1.016;3.237;3.163;2.461;1.631;246
30.09.2022;08:00;1.108;500;39;440;556;29;1.017;3.240;3.154;2.453;1.599;251
30.09.2022;08:15;1.109;471;42;449;919;29;1.017;3.236;3.153;2.459;1.548;255
30.09.2022;08:30;1.110;455;44;468;1.313;29;1.016;3.219;3.148;2.458;1.447;258
30.09.2022;08:45;1.111;451;52;461;1.729;29;1.016;3.214;3.145;2.431;1.231;256
30.09.2022;09:00;1.113;490;51;452;2.139;29;1.017;3.232;3.121;2.443;1.341;258
30.09.2022;09:15;1.113;480;46;420;2.565;29;1.016;3.223;3.129;2.436;1.022;257
30.09.2022;09:30;-;457;45;370;2.994;29;1.015;3.202;3.131;2.374;873;258
30.09.2022;09:45;1.109;457;41;313;3.468;29;1.015;3.210;3.131;2.151;658;256
30.09.2022;10:00;1.111;474;46;278;3.905;29;1.016;3.190;3.112;1.773;850;259
30.09.2022;10:15;1.113;428;65;231;4.316;29;1.015;3.175;3.109;1.587;595;255
30.09.2022;10:30;1.114;427;69;237;4.718;29;1.014;3.159;3.079;1.428;476;254
30.09.2022;10:45;1.113;426;87;247;5.141;29;1.011;3.139;3.059;1.218;388;254
30.09.2022;11:00;1.116;416;117;282;5.536;29;1.012;3.137;3.036;938;367;253
30.09.2022;11:15;1.117;415;141;325;5.834;29;1.013;3.140;3.000;938;226;252
30.09.2022;11:30;1.117;415;163;386;6.108;29;1.010;3.142;2.925;898;237;253
30.09.2022;11:45;1.118;414;186;479;6.356;29;1.009;3.138;2.853;888;145;254
30.09.2022;12:00;1.119;417;226;582;6.482;29;1.010;3.129;2.718;821;47;253
30.09.2022;12:15;1.118;415;287;652;6.634;29;1.011;3.123;2.632;781;31;254
30.09.2022;12:30;1.117;410;340;728;6.663;29;1.011;3.119;2.482;742;41;254
30.09.2022;12:45;1.115;414;409;802;6.747;29;1.011;3.125;2.331;732;41;255
30.09.2022;13:00;1.116;417;501;950;6.717;29;1.012;3.158;2.213;708;23;255
30.09.2022;13:15;1.113;419;570;1.069;6.608;29;1.012;3.159;2.091;707;18;256
30.09.2022;13:30;1.110;420;654;1.141;6.517;29;1.012;3.128;2.011;707;15;255
30.09.2022;13:45;1.112;421;737;1.218;6.358;29;1.010;3.094;1.956;706;23;256
30.09.2022;14:00;1.111;432;744;1.295;6.152;29;1.011;3.098;1.893;697;25;252
30.09.2022;14:15;1.112;452;775;1.365;5.904;29;1.011;3.119;1.834;702;29;252
30.09.2022;14:30;1.113;436;861;1.425;5.643;29;1.011;3.155;1.815;699;16;253
30.09.2022;14:45;1.114;424;933;1.482;5.364;29;1.010;3.172;1.835;697;6;253
30.09.2022;15:00;1.115;425;982;1.531;5.095;29;1.010;3.168;1.849;696;4;253
30.09.2022;15:15;1.115;419;1.026;1.582;4.790;29;1.009;3.169;1.859;694;5;244
30.09.2022;15:30;1.114;423;1.104;1.635;4.453;29;1.010;3.160;1.930;677;0;249
30.09.2022;15:45;1.117;427;1.177;1.671;4.111;29;1.010;3.153;1.974;658;2;252
30.09.2022;16:00;1.119;426;1.228;1.670;3.743;29;1.011;3.144;1.998;657;17;251
30.09.2022;16:15;1.118;432;1.262;1.687;3.417;29;1.011;3.172;2.055;627;57;250
30.09.2022;16:30;1.120;420;1.325;1.743;3.035;29;1.011;3.164;2.176;621;59;255
30.09.2022;16:45;1.118;430;1.412;1.740;2.645;29;1.011;3.144;2.296;590;51;255
30.09.2022;17:00;1.117;440;1.462;1.657;2.265;29;1.010;3.142;2.402;624;23;254
30.09.2022;17:15;1.117;450;1.504;1.596;1.858;29;1.010;3.146;2.467;626;35;254
30.09.2022;17:30;1.119;457;1.534;1.560;1.435;29;1.010;3.171;2.533;626;163;255
30.09.2022;17:45;1.124;484;1.565;1.512;1.018;29;1.010;3.179;2.590;625;457;253
30.09.2022;18:00;1.123;462;1.576;1.431;660;29;1.009;3.165;2.600;637;723;254
30.09.2022;18:15;1.124;503;1.588;1.438;360;29;1.010;3.184;2.583;640;1.066;253
30.09.2022;18:30;1.124;520;1.580;1.527;141;29;1.010;3.178;2.583;637;1.363;253
30.09.2022;18:45;1.121;499;1.609;1.686;31;29;1.010;3.142;2.593;633;1.440;254
30.09.2022;19:00;1.124;459;1.621;1.845;2;29;1.009;3.054;2.574;606;1.521;255
30.09.2022;19:15;1.123;483;1.433;2.057;0;29;1.011;3.057;2.575;602;1.503;251
30.09.2022;19:30;1.121;465;1.420;2.328;0;29;1.011;3.053;2.565;603;1.267;253
30.09.2022;19:45;1.121;402;1.429;2.576;0;29;1.011;3.050;2.543;610;1.081;254
30.09.2022;20:00;1.121;434;1.227;2.859;0;29;1.012;3.078;2.557;588;1.279;247
30.09.2022;20:15;1.121;400;1.226;3.126;0;29;1.010;3.082;2.551;585;697;247
30.09.2022;20:30;1.120;399;1.217;3.325;0;29;1.009;3.085;2.503;587;187;254
30.09.2022;20:45;1.119;406;1.220;3.549;0;29;1.009;3.076;2.403;584;82;254
30.09.2022;21:00;1.120;414;1.197;3.835;0;29;1.011;3.037;2.199;588;504;256
30.09.2022;21:15;1.119;406;1.197;4.049;0;29;1.010;2.978;2.075;586;179;255
30.09.2022;21:30;1.118;401;1.188;4.230;0;29;1.009;2.841;1.944;584;110;252
30.09.2022;21:45;1.117;405;1.184;4.310;0;29;1.008;2.727;1.679;583;99;255
30.09.2022;22:00;1.117;415;1.174;4.478;0;29;1.011;2.656;1.392;549;540;256
30.09.2022;22:15;1.116;398;1.169;4.665;0;29;1.010;2.647;1.333;522;335;255
30.09.2022;22:30;1.115;394;1.146;4.811;0;29;1.009;2.633;1.262;508;167;250
30.09.2022;22:45;1.113;402;1.122;4.905;0;29;1.009;2.589;1.244;509;81;254
30.09.2022;23:00;1.110;400;1.183;4.972;0;29;1.011;2.524;1.173;494;15;256
30.09.2022;23:15;1.110;391;1.192;5.034;0;29;1.011;2.469;1.120;495;0;249
30.09.2022;23:30;1.109;389;1.182;5.087;0;29;1.011;2.401;1.043;499;6;253
30.09.2022;23:45;1.109;388;1.180;5.208;0;29;1.010;2.241;1.030;499;30;255
01.10.2022;00:00;1.132;417;1.160;5.213;0;30;1.012;2.120;950;517;84;256
01.10.2022;00:15;1.127;392;1.180;5.316;0;29;1.011;2.025;893;518;16;255
01.10.2022;00:30;1.122;392;1.198;5.380;0;29;1.010;1.892;903;523;9;251
01.10.2022;00:45;1.123;392;1.190;5.565;0;29;1.009;1.720;916;534;7;256
01.10.2022;01:00;1.124;393;1.185;5.527;0;29;1.009;1.619;894;528;14;255
01.10.2022;01:15;1.125;400;1.186;5.560;0;29;1.008;1.531;894;528;32;252
01.10.2022;01:30;1.125;403;1.174;5.567;0;29;1.008;1.490;894;528;5;256
01.10.2022;01:45;1.122;397;1.176;5.475;0;29;1.011;1.470;895;530;16;256
01.10.2022;02:00;1.120;394;1.169;5.644;0;29;1.011;1.445;839;529;27;255
01.10.2022;02:15;1.121;393;1.164;5.777;0;29;1.008;1.426;843;523;32;255
01.10.2022;02:30;1.123;397;1.169;5.873;0;30;1.008;1.408;841;529;12;255
01.10.2022;02:45;1.123;396;1.157;5.786;0;30;1.009;1.392;843;530;1;257
01.10.2022;03:00;1.122;409;1.066;5.972;0;30;999;1.381;844;525;33;262
01.10.2022;03:15;1.123;396;1.053;6.042;0;30;997;1.389;842;525;19;263
01.10.2022;03:30;1.122;395;1.051;6.066;0;30;996;1.389;845;526;24;263
01.10.2022;03:45;1.119;397;1.044;6.153;0;30;994;1.381;843;523;3;263
01.10.2022;04:00;1.119;396;1.071;6.083;0;30;1.003;1.391;824;523;54;263
01.10.2022;04:15;1.119;393;1.110;6.106;0;30;1.002;1.397;790;526;36;261
01.10.2022;04:30;1.118;391;1.117;6.034;0;30;1.004;1.403;785;526;55;262
01.10.2022;04:45;1.116;391;1.119;6.099;0;30;1.005;1.419;779;524;48;263
01.10.2022;05:00;1.116;388;1.143;6.469;0;30;1.005;1.409;767;530;31;259
01.10.2022;05:15;1.114;390;1.173;6.481;0;30;1.000;1.403;742;528;40;259
01.10.2022;05:30;1.111;391;1.190;6.568;0;30;1.010;1.405;743;525;41;258
01.10.2022;05:45;1.108;391;1.179;6.763;0;30;1.009;1.398;703;523;43;257
01.10.2022;06:00;1.108;388;1.212;6.837;0;30;1.007;1.397;651;525;36;257
01.10.2022;06:15;1.107;402;1.202;6.905;0;30;1.008;1.423;617;525;33;257
01.10.2022;06:30;1.109;401;1.205;7.068;0;30;1.011;1.412;612;531;42;258
01.10.2022;06:45;1.106;393;1.143;7.344;1;30;1.008;1.406;623;525;35;258
01.10.2022;07:00;1.109;393;1.187;7.431;3;30;1.010;1.413;621;525;37;258
01.10.2022;07:15;1.111;395;1.174;7.515;23;30;1.011;1.411;616;526;36;259
01.10.2022;07:30;1.112;398;1.136;7.628;89;30;1.010;1.409;613;537;36;260
01.10.2022;07:45;1.113;401;1.089;7.636;185;30;1.011;1.423;612;530;37;260
01.10.2022;08:00;1.113;385;1.120;7.710;315;30;1.010;1.435;615;534;56;262
01.10.2022;08:15;1.116;387;1.097;7.813;445;30;1.013;1.448;620;540;57;261
01.10.2022;08:30;1.115;393;1.034;7.813;545;30;1.012;1.442;613;547;56;260
01.10.2022;08:45;1.117;401;961;7.808;634;30;1.013;1.464;617;544;95;258
01.10.2022;09:00;1.119;377;1.081;7.797;724;30;1.012;1.508;623;553;107;262
01.10.2022;09:15;1.116;371;1.060;7.755;830;30;1.012;1.550;625;552;237;261
01.10.2022;09:30;1.114;372;1.027;7.700;894;30;1.012;1.554;623;557;298;259
01.10.2022;09:45;1.117;389;1.010;7.568;990;30;1.012;1.586;622;554;301;262
01.10.2022;10:00;1.117;375;971;7.538;1.069;30;1.010;1.620;633;544;634;263
01.10.2022;10:15;1.117;391;982;7.451;1.164;30;1.010;1.721;673;549;548;260
01.10.2022;10:30;1.118;379;1.016;7.323;1.256;30;1.011;1.768;669;550;588;262
01.10.2022;10:45;1.120;380;978;7.257;1.370;30;1.010;1.768;671;547;717;262
01.10.2022;11:00;1.121;375;967;7.208;1.470;30;1.010;1.706;672;546;534;262
01.10.2022;11:15;1.120;376;1.078;7.213;1.578;30;1.010;1.719;670;553;490;262
01.10.2022;11:30;1.119;373;1.155;7.148;1.686;30;1.009;1.716;669;561;371;259
01.10.2022;11:45;1.120;370;1.118;7.122;1.765;30;1.009;1.713;658;552;264;262
01.10.2022;12:00;1.121;372;1.103;7.225;1.851;30;1.009;1.705;645;548;516;260
01.10.2022;12:15;1.123;373;1.110;7.256;1.906;30;1.007;1.700;647;549;400;261
01.10.2022;12:30;1.122;372;1.125;7.277;1.943;30;999;1.649;669;561;163;259
01.10.2022;12:45;1.122;368;1.174;7.272;1.965;30;999;1.525;631;560;98;258
01.10.2022;13:00;1.123;371;1.262;7.082;1.946;30;1.008;1.387;629;548;122;259
01.10.2022;13:15;1.121;371;1.243;6.955;1.992;30;1.007;1.363;626;549;113;261
01.10.2022;13:30;1.124;373;1.207;7.016;2.010;30;1.006;1.359;624;558;89;260
01.10.2022;13:45;1.125;376;1.221;7.012;2.032;30;1.006;1.361;623;549;81;259
01.10.2022;14:00;1.126;383;1.236;6.847;2.028;30;1.007;1.369;623;539;82;261
01.10.2022;14:15;1.126;376;1.288;6.815;2.001;30;1.008;1.351;618;542;69;262
01.10.2022;14:30;1.125;375;1.353;6.619;1.987;30;1.004;1.346;617;543;70;262
01.10.2022;14:45;1.129;377;1.359;6.519;1.982;30;1.005;1.348;619;544;73;262
01.10.2022;15:00;1.128;384;1.362;6.456;2.062;30;1.007;1.370;618;543;80;262
01.10.2022;15:15;1.127;380;1.407;6.355;2.055;30;1.007;1.389;620;546;117;262
01.10.2022;15:30;1.128;376;1.442;6.388;2.049;30;1.007;1.402;622;556;145;262
01.10.2022;15:45;1.118;374;1.472;6.306;1.983;30;1.006;1.414;623;538;51;263
01.10.2022;16:00;1.125;377;1.526;6.113;1.910;30;999;1.438;639;543;39;263
01.10.2022;16:15;1.127;387;1.527;5.952;1.780;30;1.006;1.450;628;522;67;261
01.10.2022;16:30;1.129;380;1.550;6.035;1.612;30;1.005;1.462;551;491;62;262
01.10.2022;16:45;1.128;396;1.569;5.882;1.426;30;1.006;1.671;534;481;88;261
01.10.2022;17:00;1.130;381;1.667;5.784;1.192;30;1.007;1.965;544;485;417;261
01.10.2022;17:15;1.132;378;1.663;5.827;976;30;1.008;2.245;546;495;477;262
01.10.2022;17:30;1.135;385;1.664;5.762;761;30;1.008;2.363;550;497;700;261
01.10.2022;17:45;1.137;388;1.652;5.713;545;30;1.008;2.370;557;485;1.148;259
01.10.2022;18:00;1.138;373;1.660;5.661;328;30;1.007;2.369;563;476;1.158;257
01.10.2022;18:15;1.137;368;1.665;5.656;165;30;1.008;2.368;565;479;1.375;260
01.10.2022;18:30;1.138;375;1.677;5.675;62;30;1.008;2.372;566;481;1.563;262
01.10.2022;18:45;1.134;377;1.683;5.680;17;30;1.009;2.352;580;482;1.570;262
01.10.2022;19:00;1.137;374;1.677;5.715;2;30;1.008;2.335;595;487;1.506;262
01.10.2022;19:15;1.138;370;1.664;5.787;0;30;1.009;2.339;594;482;1.485;262
01.10.2022;19:30;1.137;363;1.677;5.933;0;30;1.009;2.335;594;488;1.329;262
01.10.2022;19:45;1.139;358;1.687;5.964;0;30;1.008;2.343;594;484;1.224;265
01.10.2022;20:00;1.138;379;1.679;5.911;0;30;1.008;2.357;588;483;1.487;264
01.10.2022;20:15;1.139;359;1.651;5.958;0;30;1.008;2.333;587;483;1.260;263
01.10.2022;20:30;1.138;358;1.618;6.037;0;30;1.008;2.302;566;480;1.047;262
01.10.2022;20:45;1.137;355;1.627;6.023;0;30;1.007;2.322;555;484;881;262
01.10.2022;21:00;1.138;366;1.629;5.857;0;30;1.009;2.388;564;485;697;263
01.10.2022;21:15;1.138;359;1.555;5.876;0;30;1.008;2.368;562;486;492;261
01.10.2022;21:30;1.139;359;1.489;5.991;0;30;1.008;2.343;547;488;502;262
01.10.2022;21:45;1.137;358;1.595;6.065;0;30;1.006;2.284;535;484;363;261
01.10.2022;22:00;1.136;370;1.600;6.011;0;30;1.005;2.230;522;482;236;260
01.10.2022;22:15;1.134;364;1.614;5.988;0;30;1.005;2.221;519;486;202;260
01.10.2022;22:30;1.131;361;1.651;5.905;0;30;1.007;2.196;516;486;143;261
01.10.2022;22:45;1.129;360;1.577;5.999;0;30;1.008;2.137;515;479;31;261
01.10.2022;23:00;1.128;362;1.602;6.029;0;30;1.008;2.066;511;477;66;261
01.10.2022;23:15;1.129;360;1.561;6.070;0;29;1.006;2.002;511;476;21;262
01.10.2022;23:30;1.129;361;1.628;6.079;0;29;1.008;1.945;508;478;8;263
01.10.2022;23:45;1.129;355;1.620;6.061;0;29;1.006;1.894;506;479;8;262
02.10.2022;00:00;1.129;363;1.711;6.054;0;29;1.007;1.817;501;517;13;263
02.10.2022;00:15;1.129;360;1.674;6.051;0;29;1.006;1.700;502;513;34;263
02.10.2022;00:30;1.131;361;1.645;6.070;0;29;1.005;1.642;500;514;34;264
02.10.2022;00:45;1.127;361;1.697;6.044;0;29;1.006;1.570;500;513;23;264
02.10.2022;01:00;1.125;362;1.717;5.986;0;29;1.006;1.510;491;481;6;263
02.10.2022;01:15;1.124;362;1.715;5.954;0;29;1.002;1.445;492;484;16;262
02.10.2022;01:30;1.127;363;1.698;5.906;0;29;1.002;1.431;489;480;92;265
02.10.2022;01:45;1.125;361;1.701;5.941;0;29;1.001;1.423;489;482;91;265
02.10.2022;02:00;1.126;377;1.746;5.288;0;29;989;1.425;487;484;28;264
02.10.2022;02:15;1.126;369;1.762;5.208;0;29;985;1.419;488;489;44;262
02.10.2022;02:30;1.125;371;1.747;5.184;0;29;985;1.422;485;486;51;262
02.10.2022;02:45;1.125;377;1.700;5.119;0;29;978;1.426;484;486;40;262
02.10.2022;03:00;1.124;373;1.647;5.405;0;29;989;1.421;482;484;32;262
02.10.2022;03:15;1.124;368;1.610;5.406;0;29;995;1.427;482;483;15;263
02.10.2022;03:30;1.123;369;1.648;5.409;0;29;995;1.424;482;484;11;263
02.10.2022;03:45;1.121;371;1.652;5.424;0;29;996;1.401;481;485;11;263
02.10.2022;04:00;1.123;369;1.646;5.535;0;29;993;1.384;481;484;11;264
02.10.2022;04:15;1.122;368;1.633;5.539;0;29;995;1.382;490;485;12;264
02.10.2022;04:30;1.122;369;1.653;5.504;0;29;996;1.386;495;485;14;264
02.10.2022;04:45;1.117;370;1.673;5.467;0;29;988;1.385;492;482;12;263
02.10.2022;05:00;1.119;371;1.633;5.390;0;29;989;1.392;488;483;13;259
02.10.2022;05:15;1.119;374;1.627;5.354;0;29;993;1.392;492;475;9;258
02.10.2022;05:30;1.117;375;1.657;5.341;0;29;988;1.390;491;479;1;259
02.10.2022;05:45;1.115;376;1.679;5.323;0;29;987;1.391;494;482;2;258
02.10.2022;06:00;1.114;377;1.705;5.319;0;29;986;1.396;497;479;1;259
02.10.2022;06:15;1.114;381;1.625;5.396;0;29;988;1.420;561;482;13;260
02.10.2022;06:30;1.115;381;1.591;5.451;0;29;993;1.474;597;476;16;261
02.10.2022;06:45;1.110;382;1.560;5.424;1;29;991;1.512;610;478;34;260
02.10.2022;07:00;1.111;382;1.667;5.376;2;29;981;1.551;616;475;52;261
02.10.2022;07:15;1.110;383;1.680;5.417;17;29;982;1.588;619;471;19;261
02.10.2022;07:30;1.112;384;1.579;5.292;62;29;982;1.658;628;475;22;261
02.10.2022;07:45;1.113;387;1.504;5.172;150;29;981;1.704;646;474;19;264
02.10.2022;08:00;1.113;392;1.652;5.079;293;29;981;1.851;661;474;212;267
02.10.2022;08:15;1.115;394;1.555;4.988;463;29;982;2.009;671;476;86;266
02.10.2022;08:30;1.118;390;1.508;4.956;663;29;983;2.103;682;471;52;265
02.10.2022;08:45;1.113;389;1.504;4.881;878;29;982;2.175;698;469;49;266
02.10.2022;09:00;1.116;413;1.659;4.658;1.098;29;970;2.281;742;475;423;268
02.10.2022;09:15;1.118;410;1.653;4.468;1.328;29;970;2.287;758;474;481;267
02.10.2022;09:30;1.119;414;1.643;4.305;1.561;29;968;2.277;772;476;708;266
02.10.2022;09:45;1.120;403;1.623;4.234;1.801;29;964;2.296;789;471;677;265
02.10.2022;10:00;1.119;406;1.619;4.192;2.044;30;951;2.324;806;465;724;265
02.10.2022;10:15;1.123;407;1.590;4.132;2.231;29;947;2.336;812;468;652;265
02.10.2022;10:30;1.123;426;1.558;4.029;2.410;29;950;2.343;814;464;579;264
02.10.2022;10:45;1.125;425;1.521;3.986;2.565;29;951;2.308;826;466;511;266
02.10.2022;11:00;1.127;427;1.487;3.963;2.661;29;954;2.324;841;460;211;266
02.10.2022;11:15;1.128;410;1.472;4.050;2.798;29;951;2.301;851;466;213;265
02.10.2022;11:30;1.126;407;1.474;4.084;2.890;29;952;2.297;867;467;203;264
02.10.2022;11:45;1.123;405;1.501;4.277;2.982;29;948;2.291;870;470;203;264
02.10.2022;12:00;1.123;420;1.509;4.335;3.094;29;949;2.282;874;455;119;263
02.10.2022;12:15;1.123;419;1.503;4.331;3.180;29;951;2.237;872;459;94;264
02.10.2022;12:30;1.121;414;1.520;4.402;3.218;29;950;2.182;872;458;33;263
02.10.2022;12:45;1.121;401;1.536;4.509;3.249;29;945;2.125;868;460;51;261
02.10.2022;13:00;1.122;412;1.563;4.514;3.252;29;949;2.044;870;459;60;264
02.10.2022;13:15;1.125;412;1.476;4.472;3.343;29;940;2.022;870;455;11;260
02.10.2022;13:30;1.126;413;1.359;4.485;3.364;29;937;2.008;878;456;9;259
02.10.2022;13:45;1.125;422;1.330;4.438;3.270;29;925;1.996;883;460;7;261
02.10.2022;14:00;1.127;433;1.330;4.508;3.304;29;928;1.900;889;455;36;261
02.10.2022;14:15;1.129;436;1.329;4.522;3.249;29;934;1.876;887;460;35;262
02.10.2022;14:30;1.127;433;1.319;4.476;3.122;29;943;1.871;872;458;27;262
02.10.2022;14:45;1.124;430;1.312;4.558;3.016;29;942;1.876;835;459;25;261
02.10.2022;15:00;1.125;417;1.399;4.713;2.884;29;933;1.879;779;458;10;263
02.10.2022;15:15;1.126;420;1.412;4.746;2.771;29;931;1.924;769;456;5;264
02.10.2022;15:30;1.130;436;1.378;4.737;2.626;29;949;1.952;755;463;10;262
02.10.2022;15:45;1.133;437;1.349;4.629;2.420;29;954;2.038;750;460;133;264
02.10.2022;16:00;1.135;431;1.324;4.626;2.228;29;964;2.119;722;462;8;264
02.10.2022;16:15;1.135;428;1.335;4.588;2.042;29;973;2.242;720;470;8;264
02.10.2022;16:30;1.132;438;1.361;4.504;1.780;29;976;2.318;737;467;19;264
02.10.2022;16:45;1.130;449;1.346;4.525;1.537;29;978;2.389;762;467;34;261
02.10.2022;17:00;1.131;431;1.349;4.441;1.291;29;994;2.410;820;474;119;265
02.10.2022;17:15;1.133;449;1.363;4.386;1.020;29;1.006;2.452;897;472;245;264
02.10.2022;17:30;1.139;420;1.390;4.234;755;29;1.005;2.459;987;473;586;263
02.10.2022;17:45;1.140;419;1.408;4.039;508;29;1.008;2.462;1.051;473;1.167;263
02.10.2022;18:00;-;-;1.496;3.968;305;-;1.003;2.449;1.113;469;1.132;-
02.10.2022;18:15;-;-;1.516;-;-;-;-;-;-;-;-;-
02.10.2022;18:30;-;-;-;-;-;-;-;-;-;-;-;-
02.10.2022;18:45;-;-;-;-;-;-;-;-;-;-;-;-
02.10.2022;19:00;-;-;-;-;-;-;-;-;-;-;-;-
02.10.2022;19:15;-;-;-;-;-;-;-;-;-;-;-;-
02.10.2022;19:30;-;-;-;-;-;-;-;-;-;-;-;-
02.10.2022;19:45;-;-;-;-;-;-;-;-;-;-;-;-
02.10.2022;20:00;-;-;-;-;-;-;-;-;-;-;-;-
02.10.2022;20:15;-;-;-;-;-;-;-;-;-;-;-;-
02.10.2022;20:30;-;-;-;-;-;-;-;-;-;-;-;-
02.10.2022;20:45;-;-;-;-;-;-;-;-;-;-;-;-
02.10.2022;21:00;-;-;-;-;-;-;-;-;-;-;-;-
02.10.2022;21:15;-;-;-;-;-;-;-;-;-;-;-;-
02.10.2022;21:30;-;-;-;-;-;-;-;-;-;-;-;-
02.10.2022;21:45;-;-;-;-;-;-;-;-;-;-;-;-
02.10.2022;22:00;-;-;-;-;-;-;-;-;-;-;-;-
02.10.2022;22:15;-;-;-;-;-;-;-;-;-;-;-;-
02.10.2022;22:30;-;-;-;-;-;-;-;-;-;-;-;-
02.10.2022;22:45;-;-;-;-;-;-;-;-;-;-;-;-
02.10.2022;23:00;-;-;-;-;-;-;-;-;-;-;-;-
02.10.2022;23:15;-;-;-;-;-;-;-;-;-;-;-;-
02.10.2022;23:30;-;-;-;-;-;-;-;-;-;-;-;-
02.10.2022;23:45;-;-;-;-;-;-;-;-;-;-;-;-
